index,latitude,longitude,year
4000,45.54959767887176,-73.54187428951263,2019
4001,45.52007477080967,-73.6297756433487,2019
4002,45.51693654712809,-73.64048302173615,2019
5002,45.53368199320325,-73.51526074111462,2019
5003,45.52841043752244,-73.51716578006744,2019
5004,45.539824,-73.508752,2019
5005,45.53690747306937,-73.51191401481627,2019
5006,45.53722603812578,-73.49506705999374,2019
5007,45.52331869398737,-73.52012693881989,2019
6001,45.51035067563653,-73.55650842189789,2019
6002,45.53938508196168,-73.54099988937377,2019
6003,45.51100666600306,-73.56760203838348,2019
6004,45.50965520472071,-73.55400860309601,2019
6005,45.500208064155046,-73.57113786041737,2019
6006,45.55789545752947,-73.5765291005373,2019
6007,45.51166045593874,-73.56213569641113,2019
6008,45.51279685582333,-73.56146247242577,2019
6009,45.49811161443597,-73.57761539518833,2019
6011,45.51411452790017,-73.55264469981194,2019
6012,45.51066,-73.56497,2019
6013,45.51340553558378,-73.56259435415267,2019
6014,45.51287121578035,-73.55846643447876,2019
6015,45.515299,-73.561273,2019
6016,45.472503,-73.539285,2019
6017,45.52063377251984,-73.56390595436096,2019
6018,45.51889,-73.56353,2019
6019,45.51799893773692,-73.56818407773972,2019
6020,45.51476724402057,-73.56549113988876,2019
6021,45.5145646696576,-73.56840670108795,2019
6022,45.541719808901306,-73.56517732143402,2019
6023,45.51086,-73.54983,2019
6024,45.60761595633475,-73.50982189178467,2019
6025,45.50714391928411,-73.55511903762817,2019
6026,45.50761009451047,-73.55183601379395,2019
6027,45.502053864057466,-73.57346534729004,2019
6029,45.48084576334506,-73.58386158943176,2019
6031,45.50426292830073,-73.57152342796326,2019
6032,45.50623,-73.55976,2019
6033,45.55828063767652,-73.58315885066986,2019
6035,45.50531166520915,-73.56089115142822,2019
6036,45.50424245563397,-73.553469479084,2019
6037,45.501966859101564,-73.55515256524086,2019
6038,45.49975,-73.55566,2019
6039,45.500779,-73.558826,2019
6040,45.50278649802565,-73.55913430452347,2019
6041,45.50144108135568,-73.56014415621758,2019
6042,45.50060578095098,-73.56544822454453,2019
6043,45.50206,-73.56295,2019
6044,45.521564270906616,-73.57036739587784,2019
6046,45.49831217703312,-73.56725603342056,2019
6047,45.507401678946415,-73.57844352722168,2019
6048,45.49891911390352,-73.55725407600403,2019
6049,45.49760527699099,-73.55534970760345,2019
6050,45.49857779102015,-73.56024205684662,2019
6051,45.529686,-73.601728,2019
6052,45.49751503379366,-73.55257093906403,2019
6053,45.50820461505136,-73.56881439685822,2019
6057,45.4977183451679,-73.5681800544262,2019
6058,45.49932551028458,-73.57176750898361,2019
6059,45.499191207076606,-73.56942057609558,2019
6060,45.501366848348894,-73.56583714485167,2019
6061,45.50139870932151,-73.57178628444672,2019
6062,45.49863930330429,-73.57422709465027,2019
6063,45.49947,-73.57591,2019
6064,45.50038,-73.57507,2019
6065,45.49974475043378,-73.57903361320496,2019
6066,45.50530549708951,-73.58100235462189,2019
6067,45.51249475526989,-73.55087846517563,2019
6068,45.56250903804892,-73.61656039953232,2019
6070,45.5064484,-73.57634872,2019
6072,45.50171494932855,-73.57413053512573,2019
6073,45.50501,-73.57069,2019
6075,45.50829509569767,-73.58064293861388,2019
6076,45.55792114867545,-73.52914720773697,2019
6078,45.50538225593995,-73.56763422489166,2019
6079,45.50975858607626,-73.57610732316971,2019
6080,45.47393028235147,-73.60473453998564,2019
6081,45.49570931691902,-73.5769522190094,2019
6082,45.54990048023633,-73.58308374881744,2019
6083,45.50373771539475,-73.56810629367828,2019
6084,45.495581350533946,-73.55371087789534,2019
6085,45.4952,-73.56328,2019
6086,45.49045242854756,-73.56017231941223,2019
6087,45.49302901258371,-73.56481790542603,2019
6088,45.4891601257399,-73.56777101755141,2019
6089,45.527839413108,-73.59482109546661,2019
6090,45.49487159597493,-73.57112377882004,2019
6091,45.49168652100804,-73.57676714658737,2019
6092,45.49709201687824,-73.57554942369461,2019
6093,45.4912258547597,-73.58763009309769,2019
6094,45.52564776553033,-73.5929274559021,2019
6095,45.49180027678722,-73.58400642871855,2019
6096,45.49356916133978,-73.56857568025589,2019
6097,45.492897397177465,-73.58029425144196,2019
6098,45.49658329569871,-73.5765016078949,2019
6099,45.51506508398211,-73.55922952294348,2019
6100,45.49659,-73.57851,2019
6101,45.479483,-73.61979,2019
6102,45.493034,-73.583836,2019
6103,45.535753085274585,-73.55794072151183,2019
6104,45.51681750463149,-73.5541883111,2019
6105,45.51937252291976,-73.55195805430411,2019
6106,45.52114,-73.54926,2019
6107,45.49367956421703,-73.57914626598358,2019
6108,45.52836601591233,-73.55117082595825,2019
6109,45.513741443172,-73.53838205337523,2019
6110,45.52900206660643,-73.54619935154915,2019
6111,45.52600589494234,-73.54886412620544,2019
6112,45.519139183741046,-73.55786561965942,2019
6113,45.52123044585842,-73.55386108160019,2019
6114,45.52353,-73.55199,2019
6115,45.46685123845205,-73.63162770867348,2019
6116,45.52349210923463,-73.56073021888733,2019
6117,45.50526304478131,-73.57048004865646,2019
6118,45.52510954917077,-73.56020584702492,2019
6119,45.52773089755533,-73.55753839015959,2019
6120,45.53370598779895,-73.55217933654784,2019
6121,45.53456256501449,-73.55478646466509,2019
6122,45.53057,-73.54913,2019
6123,45.52327641182773,-73.55821833014488,2019
6124,45.53193889278052,-73.55343863368034,2019
6125,45.499757,-73.629298,2019
6126,45.53213680524969,-73.55871319770813,2019
6127,45.536582447959766,-73.61622512340546,2019
6128,45.53529548038031,-73.55116009712219,2019
6129,45.52997069129102,-73.56305301189423,2019
6130,45.5367,-73.56081,2019
6131,45.533924,-73.562425,2019
6132,45.5291345371163,-73.55923354625702,2019
6133,45.53673838509649,-73.56516659259796,2019
6134,45.53840340979245,-73.56196403503418,2019
6136,45.52761627,-73.5891147,2019
6137,45.53034708827074,-73.56698781251907,2019
6138,45.53167355364312,-73.56541335582732,2019
6139,45.53292625574653,-73.56377989053726,2019
6140,45.5298015824607,-73.5702896118164,2019
6141,45.53354753725336,-73.5668671131134,2019
6142,45.527794785525096,-73.57193917036057,2019
6143,45.52689,-73.57264,2019
6145,45.52451761488783,-73.57197672128677,2019
6146,45.52317047138824,-73.56901288032532,2019
6147,45.52479,-73.56545,2019
6148,45.52720058937288,-73.56472939252852,2019
6149,45.53867,-73.56936,2019
6150,45.53711414,-73.5710031,2019
6151,45.53646917409483,-73.57146307826042,2019
6152,45.53418509490266,-73.57358872890472,2019
6153,45.532674,-73.571776,2019
6154,45.53229,-73.57544,2019
6155,45.53092,-73.57674,2019
6156,45.52775814390426,-73.57618510723114,2019
6157,45.52940777616881,-73.57815384864807,2019
6158,45.53081622781595,-73.58162596821785,2019
6159,45.49452705626516,-73.55675250291823,2019
6160,45.5329774553515,-73.58122229576111,2019
6161,45.53582823686429,-73.57869029045105,2019
6162,45.54612387708119,-73.64664673805237,2019
6163,45.53543,-73.5822,2019
6164,45.5333136054992,-73.58373686671257,2019
6165,45.53251395631143,-73.58481109142303,2019
6166,45.5337352275406,-73.589306473732,2019
6167,45.53703,-73.58584,2019
6168,45.530871318676006,-73.59834551811218,2019
6169,45.527432126380575,-73.57991673052311,2019
6170,45.53045006508681,-73.58763813972473,2019
6171,45.51958082831579,-73.5601159930229,2019
6173,45.51908844137639,-73.56950908899307,2019
6174,45.51908,-73.5727,2019
6175,45.52027785033668,-73.5682162642479,2019
6176,45.52496323980324,-73.57555881142616,2019
6177,45.52242565278864,-73.57418417930603,2019
6178,45.5222776,-73.5775906,2019
6179,45.52060423232697,-73.57598394155502,2019
6180,45.5094183667176,-73.56135785579681,2019
6181,45.5173538,-73.58212888,2019
6182,45.52175120848515,-73.58526840806007,2019
6183,45.5223645775784,-73.58414590358734,2019
6184,45.524673,-73.58255,2019
6185,45.54912085535069,-73.60087350010872,2019
6186,45.52931012171625,-73.58865737915039,2019
6187,45.52562819123256,-73.58177483081818,2019
6188,45.52602656522141,-73.57785880565643,2019
6189,45.55072306022627,-73.60957056283951,2019
6190,45.527009334270645,-73.58576595783234,2019
6191,45.531401,-73.612674,2019
6192,45.52996959525513,-73.5919028520584,2019
6193,45.521495,-73.596758,2019
6194,45.48947622882084,-73.58456566929817,2019
6195,45.5240365462478,-73.59014332294464,2019
6196,45.52134173413233,-73.58941912651062,2019
6197,45.53898439552301,-73.5824453830719,2019
6198,45.52974,-73.59527,2019
6199,45.52593073022709,-73.59883904457092,2019
6200,45.52462848559264,-73.5958108305931,2019
6201,45.52354419830203,-73.58733236789703,2019
6202,45.51007154847701,-73.57075229287146,2019
6203,45.50658668914343,-73.57329905033112,2019
6204,45.508140959417744,-73.57492983341217,2019
6205,45.50936142835129,-73.57386365532875,2019
6206,45.51059,-73.57547,2019
6207,45.51283174510449,-73.57688784599304,2019
6208,45.51069,-73.57805,2019
6209,45.51254135285248,-73.57067719101906,2019
6210,45.55069206841976,-73.65636706352234,2019
6211,45.515616239398405,-73.57580825686453,2019
6212,45.51509198406273,-73.58114182949066,2019
6213,45.51687640567004,-73.57946008443832,2019
6214,45.516090801970655,-73.5701286792755,2019
6215,45.50083231626815,-73.57245951890945,2019
6216,45.51483985896893,-73.58477890491486,2019
6217,45.51896722332005,-73.5836161673069,2019
6218,45.51258740220925,-73.57373893260956,2019
6219,45.51740076184449,-73.57460528612137,2019
6220,45.519216236873945,-73.57718020677567,2019
6221,45.51941,-73.58685,2019
6222,45.51825290855221,-73.5883381962776,2019
6223,45.517,-73.589,2019
6224,45.51829,-73.59235,2019
6225,45.520188,-73.590559,2019
6226,45.575707,-73.561562,2019
6227,45.52103885732127,-73.59490692615509,2019
6228,45.527363,-73.607723,2019
6229,45.5211613236904,-73.5856157541275,2019
6230,45.5238561444472,-73.60012650489807,2019
6231,45.523026476635074,-73.60184043645859,2019
6232,45.524265806034656,-73.61127376556396,2019
6233,45.5242864769531,-73.60497325658798,2019
6234,45.527410360532215,-73.60393524169922,2019
6235,45.52655700191558,-73.5982757806778,2019
6236,45.5376492623372,-73.57978463172913,2019
6237,45.53200800170645,-73.58044445514679,2019
6240,45.5057209331225,-73.62945914268494,2019
6241,45.51753998795678,-73.59783187508583,2019
6243,45.52068774,-73.6084279,2019
6245,45.5225858,-73.61265779,2019
6246,45.52027053865367,-73.61484915018082,2019
6247,45.53226461018495,-73.6110632121563,2019
6248,45.518593,-73.581566,2019
6249,45.53696,-73.61199,2019
6250,45.53678525128436,-73.6148879583925,2019
6251,45.53441493337628,-73.6123164743185,2019
6252,45.53318,-73.61544,2019
6253,45.540138286478616,-73.61402839422226,2019
6254,45.54006,-73.60897,2019
6255,45.53848,-73.60556,2019
6257,45.53626117851967,-73.60754549503326,2019
6258,45.53708783301333,-73.59321847558022,2019
6259,45.540881,-73.584157,2019
6260,45.53923559055867,-73.58594566583633,2019
6261,45.54459855947176,-73.58822286128998,2019
6262,45.53715922533132,-73.59747648239136,2019
6263,45.47117930747152,-73.6270022392273,2019
6264,45.5425697477813,-73.59214425086974,2019
6265,45.539258526059406,-73.5774591565132,2019
6266,45.546661109634606,-73.58868420124054,2019
6267,45.54437554639807,-73.59564453363419,2019
6268,45.539932183126695,-73.59934329986572,2019
6269,45.5376278134876,-73.5533943772316,2019
6270,45.54345172630376,-73.60101029276848,2019
6271,45.640002860465096,-73.49011301994324,2019
6272,45.546539011777845,-73.59866470098495,2019
6273,45.546797412794085,-73.60266387462616,2019
6274,45.531164,-73.583695,2019
6275,45.54484558108033,-73.61053615808486,2019
6276,45.54166959576632,-73.60760450363159,2019
6277,45.5481863712796,-73.592010140419,2019
6278,45.55001,-73.59576,2019
6279,45.55158518908433,-73.59916493296623,2019
6280,45.52437479806464,-73.5918103158474,2019
6281,45.52769780849099,-73.58625277876854,2019
6301,45.518309446368,-73.60328614711761,2019
6302,45.516078703024085,-73.60779762268066,2019
6303,45.51414486304299,-73.6203020811081,2019
6304,45.515617,-73.614991,2019
6305,45.514379,-73.610871,2019
6306,45.510086,-73.611429,2019
6307,45.52017845247635,-73.57942387461662,2019
6309,45.4568844514464,-73.57260704040527,2019
6310,45.50687644639119,-73.62359181046486,2019
6311,45.53488214147823,-73.60941231250763,2019
6312,45.50144933057703,-73.63305062055588,2019
6313,45.470303,-73.589848,2019
6314,45.52932643090091,-73.57480645179749,2019
6315,45.49626477461565,-73.62154394388199,2019
6316,45.49705494399436,-73.61865252256392,2019
6321,45.53589982664126,-73.62244248390198,2019
6322,45.53873794947064,-73.62802147865295,2019
6323,45.53966322230556,-73.63447487354279,2019
6324,45.54560354555274,-73.63474041223526,2019
6327,45.53926979810152,-73.6208787560463,2019
6328,45.53893805473212,-73.62429320812224,2019
6329,45.54095134225734,-73.62637460231781,2019
6330,45.540780049798,-73.63040059804916,2019
6331,45.543423548290185,-73.63246187567711,2019
6332,45.54248521237199,-73.63634169101715,2019
6333,45.547218,-73.631103,2019
6334,45.54371190262865,-73.62828433513641,2019
6335,45.54481928225348,-73.6215104162693,2019
6336,45.54297175887712,-73.61793905496597,2019
6338,45.54595481682399,-73.62699151039122,2019
6339,45.474565185029945,-73.62403571605682,2019
6340,45.544867,-73.614841,2019
6341,45.467369,-73.570769,2019
6343,45.55068361610596,-73.61529305577278,2019
6344,45.53524809921431,-73.61756354570389,2019
6345,45.55496126357668,-73.61073732376097,2019
6346,45.54969542033443,-73.55464696884155,2019
6347,45.559199,-73.599658,2019
6349,45.4757434,-73.5646007,2019
6350,45.48149081388884,-73.56475353240967,2019
6354,45.471743,-73.613924,2019
6355,45.55626186680846,-73.53744059801102,2019
6356,45.47710675189806,-73.6214379966259,2019
6357,45.557487317400046,-73.5887485742569,2019
6358,45.551937362101,-73.59392791986465,2019
6359,45.50981336049594,-73.5638952255249,2019
6360,45.553215,-73.58752,2019
6361,45.54968589617967,-73.59115451574326,2019
6362,45.54779995287998,-73.58486741781235,2019
6363,45.46892698487744,-73.6198702454567,2019
6364,45.54991069359101,-73.55826258659361,2019
6366,45.51014162409143,-73.6247518658638,2019
6367,45.54729491851639,-73.57899874448776,2019
6368,45.55030553030546,-73.57335269451141,2019
6369,45.45750908083069,-73.6394852399826,2019
6370,45.557192,-73.569847,2019
6371,45.546978,-73.575515,2019
6372,45.5451997,-73.57645065,2019
6373,45.547226645250745,-73.56986984610558,2019
6374,45.55389801568004,-73.5713866353035,2019
6375,45.477249,-73.587238,2019
6376,45.552842358447656,-73.56529533863068,2019
6377,45.47968,-73.56385,2019
6379,45.4632535358533,-73.57587933540344,2019
6380,45.551584,-73.561916,2019
6381,45.5457759528664,-73.56217458844185,2019
6383,45.55357073967113,-73.56049418449402,2019
6384,45.54545890380305,-73.55666935443878,2019
6385,45.53611005443118,-73.5762870311737,2019
6386,45.54178033474308,-73.55571448802948,2019
6387,45.54690718297082,-73.5515570640564,2019
6388,45.55076798270114,-73.54942739009857,2019
6389,45.54158631132448,-73.61248075962067,2019
6391,45.54428417385149,-73.54533970355988,2019
6393,45.54111008519643,-73.54754984378815,2019
6394,45.54740496161695,-73.54467451572418,2019
6395,45.561782815423854,-73.54661107063293,2019
6396,45.55421375524564,-73.55155974626541,2019
6397,45.55321884238814,-73.53978216648102,2019
6398,45.5511918874866,-73.54087248444557,2019
6401,45.48772278774177,-73.5690826177597,2019
6402,45.47266800851548,-73.585389778018,2019
6403,45.48504797982277,-73.5719633102417,2019
6404,45.485889,-73.577514,2019
6405,45.4820980397155,-73.57487618923187,2019
6406,45.48020822800015,-73.57759863138199,2019
6407,45.48392802,-73.57731164,2019
6408,45.4891,-73.57656,2019
6409,45.48621939184824,-73.5737469792366,2019
6410,45.54640752148169,-73.63842844963074,2019
6411,45.5133025720765,-73.57296109199524,2019
6412,45.553262,-73.638615,2019
6413,45.50355184389659,-73.56875538825989,2019
6414,45.48013378575666,-73.58590811491013,2019
6415,45.46981978744856,-73.61696138978003,2019
6416,45.47735333523628,-73.61537218093872,2019
6417,45.55415230370231,-73.54749351739883,2019
6418,45.49810026070624,-73.65294188261032,2019
6419,45.491513,-73.633649,2019
6420,45.48538473242346,-73.62814217805862,2019
6421,45.54124722370603,-73.59104454517365,2019
6422,45.55357892880519,-73.66208285093306,2019
6423,45.496302,-73.629822,2019
6424,45.49656303562923,-73.56491714715958,2019
6425,45.462846046287325,-73.56592163443565,2019
6426,45.459487694540734,-73.57209205627441,2019
6427,45.47069642604657,-73.56542240828276,2019
6428,45.45998577640931,-73.54395568370819,2019
6429,45.46714,-73.54259,2019
6432,45.48697062,-73.58929306,2019
6433,45.48282602624293,-73.59084337949753,2019
6434,45.47742856483265,-73.60016942024231,2019
6435,45.48129146961133,-73.6003303527832,2019
6436,45.48580087370364,-73.5957974300254,2019
6501,45.512800575819625,-73.5311159491539,2019
6502,45.5063732,-73.52457672,2019
6503,45.53035130173597,-73.6243924498558,2019
6504,45.52156536710626,-73.53533238172531,2019
6700,45.54996328646854,-73.53443384170531,2019
6701,45.50104110864491,-73.57717752456664,2019
6702,45.569789,-73.548081,2019
6703,45.55500446099039,-73.55535507202148,2019
6704,45.561594,-73.585643,2019
6705,45.456365,-73.57614,2019
6706,45.450729976972944,-73.5725748538971,2019
6707,45.45608545783109,-73.58193710446358,2019
6709,45.461685,-73.584039,2019
6710,45.55982811984724,-73.65832507610321,2019
6711,45.531938,-73.617842,2019
6712,45.43791380065227,-73.58274042606354,2019
6713,45.56776565172907,-73.57968807220459,2019
6714,45.417147421132526,-73.64422470331192,2019
6715,45.44454701497536,-73.57509076595306,2019
6716,45.56387237463668,-73.6555677652359,2019
6717,45.49456403292622,-73.63870203495026,2019
6718,45.466569,-73.623295,2019
6719,45.46072936353252,-73.63407254219055,2019
6720,45.5594818,-73.535496,2019
6721,45.5769632283486,-73.54683637619019,2019
6722,45.57498439946887,-73.53884875774384,2019
6723,45.564944,-73.577639,2019
6724,45.47166862589184,-73.582643866539,2019
6725,45.45085122,-73.5940272,2019
6726,45.56076192837154,-73.6505614221096,2019
6727,45.48408128505464,-73.56091797351837,2019
6728,45.52687028194893,-73.62672328948975,2019
6729,45.516426545782224,-73.5581123828888,2019
6730,45.570081,-73.573047,2019
6731,45.564353,-73.571244,2019
6732,45.477923,-73.559038,2019
6733,45.547172039327485,-73.6185210943222,2019
6734,45.54211889,-73.6225471,2019
6735,45.56105928295798,-73.6039674282074,2019
6736,45.55675103297278,-73.66716161370277,2019
6737,45.552123,-73.630103,2019
6738,45.50235036136798,-73.56658279895781,2019
6739,45.580314546424674,-73.5353136062622,2019
6741,45.48631864401023,-73.5702332854271,2019
6742,45.46339729163665,-73.59643578529356,2019
6743,45.494514,-73.583368,2019
6744,45.456355,-73.597557,2019
6745,45.52797966680089,-73.62388283014297,2019
6746,45.52357479400008,-73.62344294786453,2019
6747,45.53050525974957,-73.61470833420753,2019
6748,45.49282530947313,-73.55797827243805,2019
6749,45.50642115207643,-73.55646550655365,2019
6750,45.52872356043453,-73.58385890722275,2019
6752,45.52605851018324,-73.61296892166138,2019
6753,45.57414703721992,-73.57462137937546,2019
6754,45.45759682462104,-73.59052859581423,2019
6901,45.51689676614314,-73.5639488697052,2019
6902,45.521081043206834,-73.56227517127991,2019
6903,45.51666442219882,-73.57722043991089,2019
6904,45.5420595590383,-73.59787344932556,2019
6905,45.544377,-73.581018,2019
6906,45.5319548635849,-73.59816044569016,2019
6907,45.534136,-73.595478,2019
6908,45.53341043363302,-73.60112428665161,2019
6910,45.537041,-73.602026,2019
6912,45.5353599615622,-73.60363483428955,2019
6913,45.533348,-73.605834,2019
6915,45.53243586450861,-73.60665500164032,2019
6916,45.544513,-73.571564,2019
6917,45.54986843142164,-73.64765658974648,2019
6918,45.53755266430292,-73.58993947505951,2019
6919,45.55201648333515,-73.58185529708862,2019
6921,45.48401829,-73.5634366,2019
6923,45.54740777921938,-73.60766887664795,2019
6924,45.54975479298636,-73.60556602478027,2019
6925,45.55236372328009,-73.60286772251129,2019
6926,45.5246829812827,-73.5788968205452,2019
6927,45.50723,-73.615085,2019
6928,45.49876714523858,-73.61886978149414,2019
6929,45.53147464147482,-73.59242051839828,2019
6930,45.55984236120471,-73.61544728279114,2019
7001,45.531177514650885,-73.6321359872818,2019
7002,45.54485857398681,-73.66681426763535,2019
7003,45.49498148219463,-73.57773274183273,2019
7004,45.54983321292286,-73.64063255488873,2019
7005,45.56735205736566,-73.65378744900227,2019
7006,45.54764847825576,-73.6655656993389,2019
7007,45.51293324107222,-73.63389015197754,2019
7008,45.55076907833167,-73.62091094255447,2019
7009,45.51569016499682,-73.56096625328064,2019
7010,45.48285235405571,-73.63034427165985,2019
7011,45.52057363501344,-73.55614364147186,2019
7012,45.51433537033962,-73.55646349489689,2019
7013,45.4648769981855,-73.62659722566605,2019
7014,45.50427796704115,-73.61797660589218,2019
7015,45.42947143740888,-73.59309915918857,2019
7016,45.58284663189181,-73.54247644543648,2019
7017,45.55305326642512,-73.53242754936218,2019
7018,45.54522973039872,-73.53725016117096,2019
7019,45.52751292628879,-73.59879076480864,2019
7020,45.5436987529516,-73.55367332696915,2019
7021,45.51915286772737,-73.61646920442581,2019
7022,45.52222528598142,-73.60668718814848,2019
7023,45.56169026904608,-73.61051201820374,2019
7024,45.52723106564012,-73.58672618865965,2019
7025,45.52793332015246,-73.60122251338906,2019
7026,45.527041096087785,-73.59347056655677,2019
7027,45.537114135456825,-73.56913894414902,2019
7028,45.52774827884841,-73.59743893146515,2019
7029,45.5380207402854,-73.58352363109587,2019
7030,45.53340912723174,-73.57065707445145,2019
7031,45.52271891082773,-73.5772043466568,2019
7032,45.52625187609252,-73.58975838928018,2019
7033,45.50856686947439,-73.57769787311554,2019
7034,45.48049514330605,-73.57782661914825,2019
7035,45.53922374455291,-73.57383679656778,2019
7036,45.5198946757576,-73.59682738780975,2019
7037,45.5116382139746,-73.57463479042053,2019
7038,45.514107949601446,-73.57523024082184,2019
7039,45.543763151117474,-73.56772005558014,2019
7040,45.52951033828327,-73.61067965626717,2019
7041,45.50095054783712,-73.57457846403122,2019
7042,45.53233064590805,-73.62018674612045,2019
7043,45.549713734001415,-73.56384828686714,2019
7044,45.5793249650848,-73.5705041885376,2019
7045,45.53472725603326,-73.6147928237915,2019
7046,45.50238607958335,-73.57333794236183,2019
7047,45.49390894768301,-73.55950713157654,2019
7048,45.44704365278581,-73.6021783483011,2019
7049,45.48986545713166,-73.56473073363304,2019
7050,45.48972725318433,-73.56406286358833,2019
7051,45.450020323797766,-73.60030621290207,2019
7052,45.483005619293046,-73.56218665838242,2019
7053,45.48091406771754,-73.56846034526825,2019
7054,45.46766565386597,-73.59391784324544,2019
7055,45.47995026556018,-73.5805356502533,2019
7056,45.44826204820947,-73.57785612344742,2019
7057,45.45789352611307,-73.56752824096475,2019
7058,45.46107799010839,-73.56730699539183,2019
7059,45.45301583620112,-73.57191503047943,2019
7060,45.46300108733155,-73.57156895217486,2019
7061,45.54039620809999,-73.61681789159775,2019
7062,45.49716534003792,-73.55933010578154,2019
7063,45.54195463236575,-73.62994194030762,2019
7064,45.539983846015616,-73.6381347477436,2019
7065,45.54365085053057,-73.60565051436424,2019
7066,45.50707812811467,-73.56139540672302,2019
7067,45.50625103256782,-73.57139065861702,2019
7068,45.48753098712153,-73.56507003307343,2019
7069,45.5063713381299,-73.5642009973526,2019
7070,45.47993042065731,-73.55592101812363,2019
7071,45.49578910481176,-73.58259558677672,2019
7072,45.52303493310712,-73.56539458036421,2019
7073,45.5231943285584,-73.55584256350994,2019
7074,45.5181280865132,-73.56185138225555,2019
7075,45.58753125134183,-73.5319072008133,2019
7076,45.49122961531575,-73.58078241348267,2019
7077,45.526499983000186,-73.54575277422555,2019
7078,45.53445294687473,-73.55965197086334,2019
7079,45.50010529681542,-73.56019914150238,2019
7080,45.50501114975704,-73.57202768325806,2019
7081,45.514384629068346,-73.56173202395439,2019
7082,45.4829412691004,-73.57974171638489,2019
7083,45.515604257816335,-73.57213497161865,2019
7084,45.502812816508936,-73.57602417469025,2019
7085,45.63137963655471,-73.50685738027096,2019
7086,45.63065034476232,-73.49499464035034,2019
7087,45.64155705644063,-73.50037515163422,2019
7088,45.65140583915357,-73.50041270256041,2019
7089,45.64954588445726,-73.49191546440125,2019
7090,45.57065664170425,-73.65184217691422,2019
7091,45.57600034155425,-73.64676475524902,2019
7092,45.53972553109637,-73.67716491222382,2019
7093,45.539806548176045,-73.6872661113739,2019
7094,45.53308032414161,-73.6945965886116,2019
7095,45.54068551727877,-73.65337640047073,2019
7096,45.53830765459552,-73.6548838019371,2019
7097,45.59722114932571,-73.56279015541077,2019
7098,45.59535188887634,-73.55858981609344,2019
7099,45.49704689488635,-73.64321619272232,2019
7100,45.49404432109336,-73.65449488162994,2019
7101,45.50045094800223,-73.66142839193344,2019
7102,45.47054370043364,-73.63168001174927,2019
7103,45.43147138678842,-73.67120504379272,2019
7104,45.43498715540587,-73.67079868912697,2019
7105,45.432839840726125,-73.69349151849747,2019
7106,45.43579350588776,-73.6801904439926,2019
7107,45.43312379149661,-73.68140548467636,2019
7108,45.422451407155854,-73.601194024086,2019
7109,45.43566446235294,-73.60565185546875,2019
7110,45.415348837097696,-73.62651407718658,2019
7111,45.42612352042827,-73.65741580724716,2019
7112,45.44404309237571,-73.61375212669373,2019
7113,45.52593260934618,-73.59525293111801,2019
7114,45.492837758845226,-73.5564199090004,2019
7115,45.58917500418707,-73.53965610265732,2019
7116,45.5967964774917,-73.53517949581145,2019
7117,45.59259615276133,-73.56617510318756,2019
7118,45.58600999065885,-73.52183818817139,2019
7119,45.59280261038491,-73.51046562194824,2019
7120,45.59920617334637,-73.5122399032116,2019
7121,45.59264808020603,-73.52521777153015,2019
7122,45.58116002977833,-73.64124342799187,2019
7123,45.59089190991344,-73.64061713218689,2019
7124,45.51678269880724,-73.61142262816429,2019
7125,45.56833021674857,-73.56666326522826,2019
7126,45.57178977666956,-73.56431499123573,2019
7127,45.527650097960205,-73.61229971051216,2019
7128,45.512989627641865,-73.68249848484993,2019
7129,45.51255920872999,-73.67701068520546,2019
7130,45.50843904979172,-73.6729645729065,2019
7131,45.50463493033909,-73.70443224906921,2019
7132,45.519492499678165,-73.6851042509079,2019
7133,45.50897852206792,-73.69856357574463,2019
7134,45.52246015438048,-73.69156435132027,2019
7135,45.50622283591452,-73.71148109436035,2019
7136,45.50684315902468,-73.68175685405731,2019
7137,45.57934937043077,-73.58168095350266,2019
7138,45.587777966914885,-73.56935352087021,2019
7139,45.50282785563674,-73.52779269218445,2019
7140,45.48918571608228,-73.57190027832984,2019
7141,45.47888852807208,-73.58198940753937,2019
7142,45.45682318753668,-73.546804189682,2019
7143,45.44693448484644,-73.57219934463501,2019
7144,45.46489251773306,-73.56699787080288,2019
7145,45.453318765468914,-73.5767751932144,2019
7146,45.492222393331566,-73.56934815645218,2019
7147,45.53473935096963,-73.62076878547667,2019
7148,45.55988367688166,-73.63356828689575,2019
7149,45.56244008398078,-73.59533339738846,2019
7150,45.55188644388879,-73.74444007873535,2019
7151,45.558108953383545,-73.71959745883942,2019
7152,45.56266824826759,-73.6923623085022,2019
7153,45.56002974868339,-73.68133574724197,2019
10002,45.47822787309145,-73.56965124607086,2019
9,45.417294,-73.6443,2022
10,45.44691,-73.60363,2022
13,45.462726,-73.565959,2022
17,45.544149,-73.66752,2022
33,45.508203,-73.580112,2022
38,45.473868,-73.604538,2022
43,45.50367,-73.61848,2022
47,45.495045,-73.57783,2022
65,45.482778,-73.584621,2022
75,45.43155,-73.67112,2022
78,45.434898,-73.670819,2022
79,45.435996,-73.680111,2022
84,45.536346,-73.57131,2022
86,45.515007,-73.619788,2022
89,45.545328,-73.556352,2022
92,45.531783,-73.597793,2022
99,45.547108,-73.569367,2022
100,45.55287,-73.565631,2022
125,45.559872,-73.615541,2022
126,45.550899,-73.62108,2022
129,45.551862,-73.540228,2022
132,45.535266,-73.51398,2022
135,45.505359,-73.567741,2022
137,45.549598,-73.541874,2022
139,45.550768,-73.549427,2022
141,45.553219,-73.539782,2022
142,45.556262,-73.537441,2022
143,45.557921,-73.529147,2022
144,45.559482,-73.535496,2022
145,45.529666,-73.567336,2022
146,45.531674,-73.565413,2022
147,45.532926,-73.56378,2022
148,45.533409,-73.570657,2022
149,45.533547,-73.566867,2022
152,45.538403,-73.561964,2022
153,45.539385,-73.541,2022
154,45.54111,-73.54755,2022
155,45.54178,-73.555714,2022
156,45.54523,-73.53725,2022
157,45.543699,-73.553673,2022
158,45.544284,-73.54534,2022
159,45.546907,-73.551557,2022
161,45.549695,-73.554647,2022
162,45.569789,-73.548081,2022
164,45.576963,-73.546836,2022
164,45.576963,-73.546836,2022
165,45.580315,-73.535314,2022
166,45.582847,-73.542476,2022
167,45.527432,-73.579917,2022
168,45.527795,-73.571939,2022
169,45.529408,-73.578154,2022
170,45.529326,-73.574806,2022
171,45.529802,-73.57029,2022
173,45.53229,-73.57544,2022
175,45.534185,-73.573589,2022
176,45.535828,-73.57869,2022
177,45.53611,-73.576287,2022
179,45.537114,-73.571003,2022
180,45.537205,-73.579254,2022
181,45.538021,-73.583524,2022
182,45.53867,-73.56936,2022
183,45.538984,-73.582445,2022
184,45.539224,-73.573837,2022
185,45.429471,-73.593099,2022
186,45.437914,-73.58274,2022
187,45.444547,-73.575091,2022
188,45.448262,-73.577856,2022
189,45.45073,-73.572575,2022
190,45.450851,-73.594027,2022
191,45.453319,-73.576775,2022
192,45.453016,-73.571915,2022
193,45.456355,-73.597557,2022
194,45.456365,-73.57614,2022
196,45.456885,-73.572607,2022
197,45.457597,-73.590529,2022
198,45.457893,-73.567528,2022
199,45.459488,-73.572092,2022
200,45.461078,-73.567307,2022
201,45.461685,-73.584039,2022
202,45.463397,-73.596436,2022
203,45.463001,-73.571569,2022
204,45.463254,-73.575879,2022
205,45.467369,-73.570769,2022
206,45.470696,-73.565422,2022
207,45.527616,-73.589115,2022
208,45.52931,-73.588657,2022
209,45.52974,-73.59527,2022
211,45.53045,-73.587638,2022
214,45.532514,-73.584811,2022
215,45.532978,-73.581222,2022
216,45.533314,-73.583737,2022
217,45.533735,-73.589307,2022
218,45.53543,-73.5822,2022
221,45.546408,-73.638428,2022
222,45.547581,-73.665234,2022
223,45.549833,-73.640633,2022
224,45.549868,-73.647657,2022
225,45.550692,-73.656367,2022
226,45.552123,-73.630103,2022
227,45.553262,-73.638615,2022
229,45.556751,-73.667162,2022
230,45.559828,-73.658325,2022
231,45.560762,-73.650561,2022
232,45.563872,-73.655568,2022
233,45.567352,-73.653787,2022
234,45.514565,-73.568407,2022
235,45.516091,-73.570129,2022
236,45.517,-73.589,2022
237,45.518253,-73.588338,2022
238,45.51829,-73.59235,2022
239,45.51908,-73.5727,2022
240,45.519088,-73.569509,2022
241,45.519216,-73.57718,2022
242,45.51941,-73.58685,2022
243,45.520179,-73.579424,2022
244,45.520188,-73.590559,2022
245,45.520524,-73.567697,2022
247,45.521564,-73.570367,2022
248,45.521751,-73.585268,2022
249,45.522278,-73.577591,2022
250,45.522365,-73.584146,2022
251,45.522426,-73.574184,2022
252,45.522719,-73.577204,2022
253,45.523035,-73.565395,2022
254,45.522866,-73.568377,2022
255,45.523544,-73.587332,2022
256,45.524673,-73.58255,2022
257,45.524683,-73.578897,2022
258,45.524518,-73.571977,2022
259,45.52479,-73.56545,2022
261,45.525628,-73.581775,2022
262,45.526027,-73.577859,2022
263,45.527231,-73.586726,2022
264,45.527009,-73.585766,2022
265,45.527201,-73.564729,2022
266,45.527758,-73.576185,2022
267,45.530816,-73.581626,2022
268,45.532008,-73.580444,2022
271,45.514767,-73.565491,2022
272,45.515065,-73.55923,2022
273,45.516427,-73.558112,2022
274,45.516897,-73.563949,2022
277,45.518128,-73.561851,2022
278,45.51889,-73.56353,2022
279,45.519139,-73.557866,2022
280,45.519373,-73.551958,2022
281,45.519581,-73.560116,2022
284,45.52114,-73.54926,2022
285,45.52123,-73.553861,2022
286,45.523194,-73.555843,2022
288,45.523492,-73.56073,2022
289,45.52353,-73.55199,2022
291,45.526006,-73.548864,2022
292,45.5265,-73.545753,2022
293,45.526991,-73.558212,2022
294,45.528366,-73.551171,2022
295,45.529002,-73.546199,2022
296,45.529134,-73.559234,2022
297,45.529971,-73.563053,2022
298,45.53057,-73.54913,2022
299,45.531939,-73.553439,2022
302,45.533706,-73.552179,2022
303,45.534453,-73.559652,2022
304,45.534563,-73.554787,2022
305,45.535295,-73.55116,2022
306,45.5367,-73.56081,2022
307,45.537628,-73.553394,2022
309,45.506511,-73.576669,2022
310,45.507402,-73.578444,2022
311,45.508141,-73.57493,2022
312,45.508567,-73.577698,2022
313,45.509361,-73.573864,2022
314,45.509759,-73.576107,2022
315,45.510072,-73.570752,2022
316,45.51059,-73.57547,2022
317,45.51066,-73.56497,2022
318,45.51069,-73.57805,2022
321,45.51166,-73.562136,2022
322,45.512541,-73.570677,2022
323,45.512587,-73.573739,2022
324,45.512797,-73.561463,2022
325,45.512832,-73.576888,2022
326,45.513303,-73.572961,2022
327,45.513405,-73.562594,2022
328,45.514108,-73.57523,2022
329,45.500832,-73.572459,2022
330,45.51484,-73.584779,2022
331,45.515092,-73.581142,2022
332,45.515299,-73.561273,2022
333,45.515604,-73.572135,2022
334,45.515616,-73.575808,2022
336,45.516876,-73.57946,2022
337,45.517401,-73.574605,2022
338,45.517354,-73.582129,2022
339,45.518593,-73.581566,2022
340,45.518967,-73.583616,2022
341,45.457509,-73.639485,2022
342,45.460729,-73.634073,2022
343,45.464877,-73.626597,2022
344,45.466569,-73.623295,2022
346,45.468927,-73.61987,2022
347,45.46982,-73.616961,2022
348,45.471179,-73.627002,2022
349,45.471743,-73.613924,2022
350,45.474565,-73.624036,2022
351,45.477107,-73.621438,2022
352,45.477353,-73.615372,2022
354,45.485385,-73.628142,2022
355,45.486219,-73.573747,2022
356,45.486319,-73.570233,2022
357,45.487723,-73.569083,2022
358,45.4891,-73.57656,2022
359,45.489476,-73.584566,2022
360,45.491226,-73.58763,2022
361,45.491513,-73.633649,2022
362,45.4918,-73.584006,2022
363,45.492897,-73.580294,2022
364,45.493034,-73.583836,2022
365,45.49368,-73.579146,2022
366,45.494514,-73.583368,2022
368,45.495415,-73.622341,2022
369,45.496302,-73.629822,2022
370,45.49683,-73.57913,2022
371,45.497055,-73.618652,2022
373,45.501449,-73.633051,2022
374,45.506899,-73.623526,2022
375,45.505721,-73.629459,2022
376,45.50723,-73.615085,2022
377,45.510142,-73.624752,2022
378,45.49123,-73.580782,2022
379,45.495789,-73.582596,2022
381,45.498112,-73.577615,2022
382,45.498639,-73.574227,2022
383,45.499191,-73.569421,2022
384,45.499325,-73.571768,2022
385,45.49947,-73.57591,2022
386,45.499745,-73.579034,2022
387,45.500105,-73.560199,2022
388,45.50038,-73.57507,2022
389,45.500606,-73.565448,2022
392,45.501041,-73.577178,2022
393,45.501715,-73.57413,2022
394,45.501967,-73.555153,2022
395,45.50206,-73.56295,2022
396,45.50235,-73.566583,2022
397,45.502786,-73.559134,2022
398,45.502813,-73.576024,2022
400,45.505011,-73.572028,2022
401,45.504591,-73.559188,2022
403,45.505312,-73.560891,2022
404,45.50623,-73.55976,2022
405,45.506251,-73.571391,2022
406,45.506421,-73.556466,2022
407,45.507078,-73.561395,2022
408,45.507144,-73.555119,2022
409,45.509655,-73.554009,2022
410,45.510351,-73.556508,2022
411,45.514114,-73.552645,2022
412,45.489727,-73.564063,2022
413,45.491687,-73.576767,2022
414,45.493029,-73.564818,2022
415,45.493569,-73.568576,2022
418,45.494872,-73.571124,2022
419,45.495581,-73.553711,2022
420,45.496583,-73.576502,2022
421,45.497515,-73.552571,2022
422,45.498919,-73.557254,2022
423,45.497605,-73.55535,2022
425,45.519895,-73.596827,2022
427,45.521496,-73.596827,2022
428,45.523027,-73.60184,2022
429,45.523856,-73.600127,2022
430,45.524037,-73.590143,2022
431,45.524287,-73.604973,2022
432,45.524628,-73.595811,2022
433,45.524942,-73.610606,2022
434,45.525648,-73.592928,2022
436,45.526252,-73.589758,2022
437,45.526557,-73.598276,2022
438,45.527041,-73.593471,2022
439,45.527363,-73.607723,2022
440,45.527513,-73.598791,2022
441,45.527748,-73.597439,2022
442,45.527839,-73.594821,2022
443,45.527933,-73.601223,2022
444,45.459986,-73.543956,2022
445,45.46714,-73.54259,2022
447,45.471669,-73.582644,2022
448,45.472503,-73.539285,2022
449,45.472668,-73.58539,2022
450,45.475743,-73.564601,2022
451,45.477249,-73.587238,2022
452,45.477923,-73.559038,2022
453,45.478228,-73.569651,2022
455,45.47993,-73.555921,2022
456,45.480914,-73.56846,2022
459,45.482098,-73.574876,2022
461,45.483006,-73.562187,2022
462,45.483928,-73.577312,2022
463,45.484018,-73.563437,2022
464,45.48498,-73.560333,2022
465,45.485048,-73.571963,2022
466,45.485889,-73.577514,2022
467,45.490042,-73.567111,2022
468,45.492825,-73.557978,2022
469,45.504242,-73.55347,2022
470,45.50761,-73.551836,2022
471,45.51086,-73.54983,2022
472,45.52689,-73.57264,2022
474,45.523575,-73.623443,2022
477,45.500451,-73.661428,2022
478,45.516783,-73.611423,2022
479,45.525933,-73.595253,2022
480,45.52765,-73.6123,2022
481,45.53308,-73.694597,2022
482,45.538308,-73.654884,2022
483,45.539726,-73.677165,2022
484,45.539806,-73.687266,2022
485,45.540686,-73.653376,2022
486,45.559884,-73.633568,2022
487,45.56244,-73.595333,2022
488,45.56833,-73.566663,2022
489,45.570657,-73.651842,2022
490,45.57179,-73.564315,2022
492,45.579349,-73.581681,2022
496,45.590892,-73.640617,2022
499,45.595875,-73.523528,2022
501,45.597221,-73.56279,2022
502,45.497165,-73.55933,2022
504,45.422451,-73.601194,2022
505,45.426124,-73.657416,2022
507,45.444043,-73.613752,2022
508,45.446934,-73.572199,2022
509,45.456823,-73.546804,2022
510,45.464892,-73.566998,2022
511,45.470544,-73.63168,2022
512,45.478888,-73.581989,2022
513,45.489186,-73.5719,2022
514,45.490452,-73.560172,2022
515,45.502828,-73.527793,2022
516,45.492222,-73.569348,2022
517,45.504635,-73.704432,2022
519,45.506843,-73.681757,2022
520,45.508439,-73.672965,2022
521,45.508978,-73.698564,2022
522,45.512559,-73.677011,2022
523,45.519492,-73.685104,2022
524,45.52246,-73.691564,2022
525,45.506373,-73.524577,2022
526,45.513741,-73.538382,2022
527,45.523319,-73.520127,2022
528,45.52841,-73.517166,2022
529,45.533682,-73.515261,2022
530,45.537226,-73.495067,2022
531,45.539824,-73.508752,2022
532,45.480208,-73.577599,2022
533,45.480495,-73.577827,2022
535,45.547218,-73.631103,2022
537,45.521342,-73.589419,2022
538,45.519153,-73.616469,2022
542,45.515617,-73.614991,2022
543,45.514379,-73.610871,2022
544,45.520688,-73.608428,2022
546,45.522586,-73.612658,2022
547,45.510086,-73.611429,2022
548,45.530505,-73.614708,2022
549,45.543763,-73.56772,2022
550,45.533348,-73.605834,2022
551,45.53536,-73.603635,2022
552,45.53341,-73.601124,2022
553,45.537041,-73.602026,2022
555,45.574147,-73.574621,2022
556,45.544376,-73.595645,2022
557,45.546661,-73.588684,2022
558,45.549686,-73.591155,2022
559,45.553457,-73.587842,2022
560,45.558281,-73.583159,2022
561,45.567766,-73.579688,2022
562,45.537159,-73.597476,2022
563,45.54257,-73.592144,2022
564,45.548186,-73.59201,2022
565,45.532331,-73.620187,2022
566,45.536785,-73.614888,2022
567,45.53696,-73.61199,2022
568,45.54167,-73.607604,2022
569,45.54006,-73.60897,2022
570,45.543651,-73.60565,2022
571,45.546797,-73.602664,2022
572,45.549121,-73.600874,2022
573,45.537088,-73.593219,2022
574,45.541586,-73.612481,2022
575,45.544599,-73.588223,2022
576,45.5478,-73.584867,2022
577,45.5499,-73.583084,2022
578,45.538799,-73.5887,2022
580,45.539236,-73.585946,2022
581,45.529686,-73.601728,2022
582,45.543452,-73.60101,2022
583,45.546539,-73.598665,2022
584,45.530871,-73.598345,2022
585,45.55001,-73.59576,2022
586,45.54206,-73.597873,2022
587,45.531401,-73.612674,2022
588,45.544513,-73.571564,2022
589,45.532265,-73.611063,2022
590,45.534298,-73.612172,2022
591,45.53318,-73.61544,2022
592,45.53848,-73.60556,2022
593,45.536261,-73.607546,2022
594,45.534882,-73.609412,2022
597,45.556867,-73.589307,2022
598,45.551937,-73.593928,2022
600,45.554947,-73.555295,2022
601,45.557896,-73.576529,2022
602,45.575707,-73.561562,2022
604,45.570081,-73.573047,2022
606,45.549911,-73.558263,2022
607,45.550306,-73.573353,2022
608,45.557192,-73.569847,2022
611,45.553898,-73.571387,2022
613,45.551584,-73.561916,2022
614,45.545776,-73.562175,2022
615,45.553571,-73.560494,2022
616,45.541247,-73.591044,2022
619,45.52951,-73.61068,2022
620,45.549714,-73.563848,2022
622,45.515901,-73.559948,2022
622,45.515901,-73.559948,2022
623,45.502311,-73.5733635,2022
624,45.501441,-73.560144,2022
625,45.507838,-73.563136,2022
626,45.502145,-73.573427,2022
627,45.522225,-73.606687,2022
628,45.521565,-73.535332,2022
629,45.506587,-73.573299,2022
630,45.51754,-73.597832,2022
631,45.564944,-73.577639,2022
633,45.45002,-73.600306,2022
634,45.495709,-73.576952,2022
635,45.561594,-73.585643,2022
636,45.486971,-73.589293,2022
637,45.482826,-73.590843,2022
638,45.477429,-73.600169,2022
639,45.481291,-73.60033,2022
641,45.562509,-73.61656,2022
642,45.537891,-73.618215,2022
645,45.551585,-73.599165,2022
646,45.5359,-73.622443,2022
647,45.538738,-73.628022,2022
648,45.539663,-73.634475,2022
650,45.540951,-73.626375,2022
651,45.54078,-73.630401,2022
652,45.543424,-73.632462,2022
653,45.542485,-73.636342,2022
654,45.544819,-73.62151,2022
656,45.545955,-73.626992,2022
657,45.544867,-73.614841,2022
658,45.550684,-73.615293,2022
659,45.535248,-73.617564,2022
660,45.554961,-73.610737,2022
661,45.559199,-73.599658,2022
663,45.52687,-73.626723,2022
664,45.54717,-73.618041,2022
665,45.542119,-73.622547,2022
666,45.561059,-73.603967,2022
669,45.549755,-73.605566,2022
674,45.541955,-73.629942,2022
675,45.539984,-73.638135,2022
676,45.534136,-73.595478,2022
677,45.526267,-73.603191,2022
678,45.587531,-73.531907,2022
680,45.579325,-73.570504,2022
681,45.512871,-73.558466,2022
684,45.506371,-73.564201,2022
686,45.551192,-73.540873,2022
687,45.500208,-73.571138,2022
688,45.561783,-73.546611,2022
689,45.528724,-73.583859,2022
690,45.498578,-73.560242,2022
691,45.596797,-73.535179,2022
692,45.4981,-73.652942,2022
693,45.589175,-73.539656,2022
694,45.520222,-73.629856,2022
696,45.526058,-73.612969,2022
699,45.641557,-73.500375,2022
701,45.649546,-73.491916,2022
702,45.505386,-73.570432,2022
703,45.551886,-73.74444,2022
704,45.558109,-73.719598,2022
705,45.562668,-73.692362,2022
706,45.56003,-73.681336,2022
749,45.5206338,-73.563906,2022
750,45.5179989,-73.5681841,2022
751,45.4808458,-73.5838616,2022
752,45.4983122,-73.567256,2022
753,45.5013987,-73.5717863,2022
756,45.4942598,-73.5638181,2022
757,45.5319579,-73.607001,2022
759,45.4945271,-73.5567525,2022
760,45.5295036,-73.6048646,2022
761,45.5205595,-73.5858203,2022
762,45.5166644,-73.5772204,2022
763,45.5390004,-73.614251,2022
764,45.5236149,-73.5924574,2022
765,45.5398641,-73.6203128,2022
767,45.5388872,-73.623907,2022
769,45.47968,-73.56385,2022
770,45.5461147,-73.5570931,2022
771,45.5303513,-73.6243924,2022
774,45.4801338,-73.5859081,2022
775,45.5280879,-73.5858625,2022
776,45.486241,-73.5957277,2022
778,45.4560855,-73.5819371,2022
779,45.5070965,-73.5684416,2022
780,45.4157687,-73.6379242,2022
781,45.5129332,-73.6338902,2022
784,45.4676657,-73.5939178,2022
785,45.4940443,-73.6544949,2022
786,45.4163102,-73.6129159,2022
788,45.5581597,-73.5484001,2022
790,45.5357088,-73.6196235,2022
834,45.5169365,-73.640483,2022
835,45.4818402,-73.595379,2022
837,45.505063,-73.5706812,2022
838,45.5224026,-73.5811767,2022
841,45.4813667,-73.5643189,2022
842,45.51405,-73.6472556,2022
843,45.50919,-73.6603206,2022
845,45.5358344,-73.5870212,2022
846,45.5522894,-73.6130065,2022
852,45.4924627,-73.5607839,2022
855,45.5106246,-73.5669033,2022
856,-1.0,-1.0,2022
858,45.5295036,-73.6048646,2022
859,45.5231722,-73.6180971,2022
860,45.5128006,-73.5311159,2022
862,45.5363438,-73.5127777,2022
864,45.4789684,-73.6195993,2022
865,45.5201249,-73.5952138,2022
866,45.5992655,-73.5122607,2022
868,45.5519116,-73.5792112,2022
869,45.5303649,-73.5843927,2022
876,45.5217675,-73.5571025,2022
880,45.4987648,-73.5544766,2022
884,45.5403962,-73.6168179,2022
886,45.5439195,-73.5842489,2022
887,45.5480035,-73.5813899,2022
888,45.5315651,-73.6169464,2022
890,45.5278492,-73.5918613,2022
891,45.5475583,-73.5754719,2022
892,45.5413694,-73.583974,2022
895,45.5274603,-73.6241752,2022
898,45.5517743,-73.6034784,2022
901,45.4804701,-73.6112161,2022
903,45.4898298,-73.5896777,2022
906,45.5314746,-73.5924205,2022
908,45.5455805,-73.6349,2022
910,45.5365054,-73.5680392,2022
911,45.4802642,-73.5809936,2022
912,45.4763443,-73.6062594,2022
913,45.4669357,-73.6315311,2022
914,45.4818451,-73.6303738,2022
915,45.4891131,-73.6470129,2022
916,45.5208548,-73.6157396,2022
917,45.5432845,-73.6162861,2022
918,45.4959617,-73.5732535,2022
919,45.5008765,-73.5590056,2022
921,45.5321322,-73.5587601,2022
922,45.6514058,-73.5004127,2022
923,45.5303174,-73.5548669,2022
925,45.5233037,-73.5579997,2022
926,45.6174998,-73.6060113,2022
927,45.5319436,-73.7136054,2022
928,45.5129939,-73.6824985,2022
929,45.5415485,-73.5650124,2022
930,45.5394606,-73.5760564,2022
931,45.5061758,-73.7111861,2022
932,45.5147343,-73.691449,2022
934,45.5011651,-73.6205475,2022
935,45.5099315,-73.5638067,2022
936,45.5750536,-73.5389322,2022
937,45.6019133,-73.5244185,2022
938,45.4875216,-73.565003,2022
941,45.5428981,-73.561846,2022
942,45.5384608,-73.5776791,2022
943,45.5251603,-73.5992467,2022
944,45.5594955,-73.6989176,2022
945,45.552298,-73.7073827,2022
946,45.5783318,-73.655954,2022
948,45.5460356,-73.6465985,2022
950,45.4999647,-73.5561544,2022
954,45.5036663,-73.5695761,2022
955,45.5149464,-73.5562329,2022
956,45.5018635,-73.543961,2022
958,45.5199567,-73.5548166,2022
960,45.5262351,-73.54895,2022
961,45.4250597,-73.6495992,2022
962,45.4328944,-73.5968529,2022
963,45.4452719,-73.6244836,2022
964,45.4385441,-73.6202163,2022
965,45.5258899,-73.6500344,2022
966,45.429711,-73.6338834,2022
971,45.460023,-73.644442,2022
972,45.4904723,-73.6385324,2022
974,45.471882,-73.6400217,2022
976,45.6046208,-73.5159963,2022
979,45.6059017,-73.5343695,2022
980,45.5668693,-73.6410168,2022
983,45.4528579,-73.5892488,2022
984,45.531634,-73.5682458,2022
985,45.5480925,-73.624261,2022
986,45.5409997,-73.5582626,2022
987,45.477605,-73.573775,2022
988,45.5717982,-73.5415497,2022
989,45.4689119,-73.6095089,2022
993,45.6112307,-73.5312416,2022
994,45.472561,-73.5699892,2022
995,45.5648113,-73.5958041,2022
996,45.490628,-73.628878,2022
997,45.4826927,-73.6348128,2022
998,45.4751933,-73.5809433,2022
999,45.526765,-73.730423,2022
1000,45.5691762,-73.6362934,2022
1003,45.5648113,-73.5958041,2022
1004,45.5040143,-73.7044269,2022
1006,45.4984678,-73.5684335,2022
1007,45.5043468,-73.5689485,2022
1008,45.5262351,-73.54895,2022
1009,45.5302211,-73.5769965,2022
1010,45.5552411,-73.5508221,2022
1011,45.4335565,-73.6840434,2022
1016,45.5616903,-73.610512,2022
1017,45.5832879,-73.6327636,2022
1020,45.5649368,-73.5555911,2022
1024,45.5545638,-73.5961568,2022
1025,45.5338507,-73.5789116,2022
1026,45.6096263,-73.522739,2022
1027,45.4953717,-73.5685891,2022
1032,45.5760003,-73.6467648,2022
1033,45.5340705,-73.5626507,2022
1034,45.539324,-73.5958784,2022
1037,45.5003388,-73.6826205,2022
1038,45.5223415,-73.7216789,2022
1040,45.4391447,-73.5917366,2022
1041,45.5451997,-73.5764507,2022
1044,45.5375266,-73.5751244,2022
1048,45.440347,-73.7023133,2022
1050,45.43746,-73.6935318,2022
1053,45.5169478,-73.6263156,2022
1054,45.5157751,-73.6006093,2022
1055,45.5990861,-73.6369479,2022
1056,45.5128938,-73.5612479,2022
1057,45.588303,-73.5778372,2022
1058,45.4575911,-73.5675594,2022
1059,45.4650577,-73.5667753,2022
1062,45.4479158,-73.5838187,2022
1068,45.5474078,-73.6076689,2022
1069,45.494564,-73.638702,2022
1070,45.5082046,-73.5688144,2022
1071,45.5507836,-73.5341,2022
1072,45.5435597,-73.627772,2022
1073,45.5251147,-73.586006,2022
1075,45.5880822,-73.6322231,2022
1076,45.5280002,-73.6192358,2022
1077,45.5317737,-73.5724462,2022
1082,45.5570222,-73.6599016,2022
1084,45.5539483,-73.6115748,2022
1086,45.5707266,-73.737086,2022
1087,45.5636787,-73.5716045,2022
1090,45.519132,-73.5578897,2022
1091,45.5207958,-73.6032707,2022
1095,45.6145192,-73.6122447,2022
1096,45.5003924,-73.578168,2022
1101,45.5386271,-73.5528392,2022
1103,45.5864002,-73.5952181,2022
1104,45.5904902,-73.5902694,2022
1105,45.6062348,-73.6287838,2022
1107,45.5200557,-73.6779515,2022
1108,45.5616903,-73.610512,2022
1109,45.593985,-73.6376721,2022
1110,45.5794057,-73.6025888,2022
1111,45.4380555,-73.6727393,2022
1112,45.4365683,-73.7083697,2022
1113,45.4305431,-73.6690244,2022
1114,45.6027276,-73.5579303,2022
1115,45.6109266,-73.5467345,2022
1116,45.502989,-73.689113,2022
1117,45.5175831,-73.7266141,2022
1118,45.5131776,-73.7130609,2022
1119,45.4398238,-73.6948782,2022
1120,45.4460609,-73.6507995,2022
1121,45.5286305,-73.6773124,2022
1123,45.5534001,-73.6622545,2022
1124,45.5597053,-73.5515544,2022
1125,45.5200191,-73.6189073,2022
1128,45.4383671,-73.7154669,2022
1132,45.58116,-73.6412434,2022
1133,45.5446806,-73.6101606,2022
1136,45.5684203,-73.7468728,2022
1137,45.4836285,-73.5797026,2022
1139,45.5039817,-73.6228395,2022
1140,45.5259138,-73.6891115,2022
1142,45.4328398,-73.6934915,2022
1145,45.5953519,-73.5586762,2022
1146,45.5205975,-73.5759705,2022
1147,45.5354834,-73.5659391,2022
1148,45.5249771,-73.6106864,2022
1149,45.5546589,-73.546603,2022
1150,45.5399002,-73.5993621,2022
1151,45.4997438,-73.5789384,2022
1152,45.4397787,-73.6813706,2022
1153,45.4997974,-73.6301753,2022
1154,45.5347253,-73.6145206,2022
1155,45.5161321,-73.5604969,2022
1156,45.5475815,-73.6122085,2022
1157,45.5762911,-73.583529,2022
1158,45.595768,-73.5953039,2022
1159,45.6400029,-73.490113,2022
1160,45.4586632,-73.5960227,2022
1161,45.5070762,-73.5722852,2022
1162,45.5214582,-73.5620499,2022
1163,45.548145,-73.5471261,2022
1164,45.5536514,-73.5341495,2022
1165,45.4360551,-73.6057752,2022
1166,45.429167,-73.6628097,2022
1167,45.4433803,-73.7178916,2022
1168,45.4697664,-73.5892588,2022
1169,45.5243588,-73.5605344,2022
1170,45.5191037,-73.6051905,2022
1171,45.591455,-73.5627553,2022
1172,45.4328946,-73.5968569,2022
1173,45.5604899,-73.7091851,2022
1174,45.5684396,-73.6752021,2022
1175,45.5254742,-73.5743251,2022
1176,45.5299594,-73.632946,2022
1177,45.5278391,-73.5895747,2022
1178,45.5351901,-73.6154822,2022
1179,45.5135916,-73.5662556,2022
1180,45.5453692,-73.6117625,2022
1181,45.5040272,-73.5697022,2022
1182,45.4941996,-73.5599846,2022
1183,45.4977228,-73.6192533,2022
1184,45.477802,-73.6150128,2022
1185,45.5162224,-73.5529733,2022
1186,45.5169025,-73.5272455,2022
1187,45.4335115,-73.6833906,2022
1189,45.5331335,-73.6147285,2022
1190,45.5306042,-73.70377,2022
1191,45.5106881,-73.5653074,2022
1192,45.4611038,-73.5672373,2022
1193,45.4335212,-73.6835432,2022
1194,45.4697664,-73.5892588,2022
1195,45.5197013,-73.5766625,2022
1196,45.4927744,-73.5688573,2022
1197,45.576113,-73.5469437,2022
1198,45.529107,-73.584803,2022
1199,45.5137229,-73.5603105,2022
1200,45.4793011,-73.5662945,2022
1201,45.6308738,-73.4950389,2022
1202,45.6315812,-73.5079604,2022
1203,45.6283593,-73.5000479,2022
1204,45.5254474,-73.5742486,2022
1205,45.5520234,-73.5817184,2022
1206,45.6024865,-73.5432905,2022
1207,45.6126908,-73.5100499,2022
1208,45.4900138,-73.5672063,2022
1209,45.4951965,-73.5778345,2022
1210,45.5106881,-73.5653074,2022
1212,45.517944,-73.5565475,2022
1213,45.5209516,-73.5499866,2022
1214,45.5209208,-73.5499048,2022
1215,45.5587396,-73.6058904,2022
1216,45.548145,-73.5471261,2022
1217,45.5275891,-73.5890758,2022
1218,45.5630842,-73.5481941,2022
1219,45.4949751,-73.5777704,2022
1220,45.5293521,-73.5633184,2022
1221,45.5648113,-73.5958041,2022
1222,45.5530175,-73.7582266,2022
1223,45.56157,-73.75448,2022
1224,45.5237405,-73.6716992,2022
1225,45.5281437,-73.6925454,2022
1226,45.5546365,-73.6125522,2022
1227,45.557568,-73.579191,2022
1228,45.5693391,-73.7047273,2022
1229,45.598335,-73.5459673,2022
1230,45.5333073,-73.6208224,2022
1231,45.5159697,-73.6082751,2022
1232,45.5548245,-73.5537028,2022
1233,45.5723781,-73.5937046,2022
1234,45.5839877,-73.6080933,2022
1235,45.5864765,-73.5703969,2022
1236,45.545026,-73.7378767,2022
1237,45.5995347,-73.6236025,2022
1238,45.6083582,-73.6385062,2022
1239,45.5877138,-73.6317182,2022
1240,45.5140122,-73.5659867,2022
1241,45.5529855,-73.6386477,2022
1242,45.5831978,-73.629787,2022
1243,45.5865659,-73.5293725,2022
1244,45.5925395,-73.6487482,2022
1245,45.5596973,-73.6014596,2022
1246,45.5068242,-73.681848,2022
1247,45.5128433,-73.6761242,2022
1248,45.5107698,-73.5649373,2022
1249,45.5803349,-73.6847187,2022
1250,45.5625118,-73.7437065,2022
1251,45.5574215,-73.7480604,2022
1252,45.6391233,-73.5961118,2022
1253,45.4464195,-73.6014273,2022
1254,45.5577499,-73.5838012,2022
1255,45.5650067,-73.7319054,2022
1256,45.5768333,-73.5464742,2022
1257,45.5712036,-73.7235188,2022
1258,45.5788972,-73.7049271,2022
1259,45.4444694,-73.6026478,2022
1260,45.5146906,-73.5599014,2022
1261,45.5436538,-73.5594206,2022
1262,45.4932782,-73.5782891,2022
1263,45.52766,-73.576124,2022
1264,45.4988464,-73.5546298,2022
1265,45.5137914,-73.5824025,2022
1266,45.5188484,-73.5559458,2022
1267,45.5161321,-73.5604969,2022
1268,45.5158684,-73.5600838,2022
1269,45.5668831,-73.5394382,2022
1270,45.530952,-73.581585,2022
1271,45.4953008,-73.6394939,2022
1272,45.5471031,-73.5489245,2022
1273,45.4851133,-73.5604384,2022
1274,45.4938326,-73.5791422,2022
1275,45.5022935,-73.5733064,2022
1276,45.5160139,-73.5629196,2022
1277,45.5612927,-73.5761133,2022
1278,45.5148664,-73.5847586,2022
1279,45.5076439,-73.569324,2022
1280,45.6313127,-73.616315,2022
1281,45.5064957,-73.556494,2022
1282,45.4962414,-73.6298387,2022
1283,45.480133,-73.5839313,2022
1284,45.4966367,-73.5761287,2022
1285,45.485974,-73.5728323,2022
1286,45.5110837,-73.5679775,2022
1287,45.5208024,-73.5757989,2022
1288,45.4928566,-73.5806543,2022
1289,45.5183846,-73.5563515,2022
1290,45.5234808,-73.5873276,2022
1291,45.4928904,-73.5776126,2022
1292,45.5754318,-73.6474305,2022
1293,45.5122121,-73.5546289,2022
1294,45.5345836,-73.5731596,2022
1295,45.5235502,-73.7138857,2022
1296,45.5188845,-73.5559385,2022
