FID,index,latitude,longitude,year,X,Y
0,4000,45.54959768,-73.54187429,2019,301530,5045520
1,4001,45.52007477,-73.62977564,2019,294662,5042250
2,4002,45.51693655,-73.64048302,2019,293824,5041900
3,5002,45.53368199,-73.51526074,2019,303608,5043750
4,5003,45.52841044,-73.51716578,2019,303459,5043170
5,5004,45.539824,-73.508752,2019,304116,5044430
6,5005,45.53690747,-73.51191401,2019,303870,5044110
7,5006,45.53722604,-73.49506706,2019,305185,5044150
8,5007,45.52331869,-73.52012694,2019,303228,5042600
9,6001,45.51035068,-73.55650842,2019,300385,5041160
10,6002,45.53938508,-73.54099989,2019,301598,5044390
11,6003,45.51100667,-73.56760204,2019,299518,5041230
12,6004,45.5096552,-73.5540086,2019,300580,5041080
13,6005,45.50020806,-73.57113786,2019,299241,5040030
14,6006,45.55789546,-73.5765291,2019,298825,5046450
15,6007,45.51166046,-73.5621357,2019,299945,5041310
16,6008,45.51279686,-73.56146247,2019,299998,5041430
17,6009,45.49811161,-73.5776154,2019,298734,5039800
18,6011,45.51411453,-73.5526447,2019,300687,5041580
19,6012,45.51066,-73.56497,2019,299724,5041200
20,6013,45.51340554,-73.56259435,2019,299909,5041500
21,6014,45.51287122,-73.55846643,2019,300232,5041440
22,6015,45.515299,-73.561273,2019,300013,5041710
23,6016,45.472503,-73.539285,2019,301728,5036950
24,6017,45.52063377,-73.56390595,2019,299808,5042300
25,6018,45.51889,-73.56353,2019,299837,5042110
26,6019,45.51799894,-73.56818408,2019,299473,5042010
27,6020,45.51476724,-73.56549114,2019,299683,5041650
28,6021,45.51456467,-73.5684067,2019,299455,5041630
29,6022,45.54171981,-73.56517732,2019,299710,5044650
30,6023,45.51086,-73.54983,2019,300907,5041220
31,6024,45.60761596,-73.50982189,2019,304034,5051970
32,6025,45.50714392,-73.55511904,2019,300493,5040800
33,6026,45.50761009,-73.55183601,2019,300750,5040860
34,6027,45.50205386,-73.57346535,2019,299059,5040240
35,6029,45.48084576,-73.58386159,2019,298244,5037880
36,6031,45.50426293,-73.57152343,2019,299211,5040480
37,6032,45.50623,-73.55976,2019,300130,5040700
38,6033,45.55828064,-73.58315885,2019,298308,5046490
39,6035,45.50531167,-73.56089115,2019,300042,5040600
40,6036,45.50424246,-73.55346948,2019,300622,5040480
41,6037,45.50196686,-73.55515257,2019,300490,5040230
42,6038,45.49975,-73.55566,2019,300450,5039980
43,6039,45.500779,-73.558826,2019,300203,5040100
44,6040,45.5027865,-73.5591343,2019,300179,5040320
45,6041,45.50144108,-73.56014416,2019,300100,5040170
46,6042,45.50060578,-73.56544822,2019,299685,5040080
47,6043,45.50206,-73.56295,2019,299881,5040240
48,6044,45.52156427,-73.5703674,2019,299303,5042410
49,6046,45.49831218,-73.56725603,2019,299544,5039820
50,6047,45.50740168,-73.57844353,2019,298670,5040830
51,6048,45.49891911,-73.55725408,2019,300326,5039890
52,6049,45.49760528,-73.55534971,2019,300474,5039740
53,6050,45.49857779,-73.56024206,2019,300092,5039850
54,6051,45.529686,-73.601728,2019,296854,5043310
55,6052,45.49751503,-73.55257094,2019,300691,5039730
56,6053,45.50820462,-73.5688144,2019,299423,5040920
57,6057,45.49771835,-73.56818005,2019,299472,5039760
58,6058,45.49932551,-73.57176751,2019,299191,5039940
59,6059,45.49919121,-73.56942058,2019,299375,5039920
60,6060,45.50136685,-73.56583714,2019,299655,5040160
61,6061,45.50139871,-73.57178628,2019,299190,5040170
62,6062,45.4986393,-73.57422709,2019,298999,5039860
63,6063,45.49947,-73.57591,2019,298868,5039950
64,6064,45.50038,-73.57507,2019,298933,5040050
65,6065,45.49974475,-73.57903361,2019,298623,5039980
66,6066,45.5053055,-73.58100235,2019,298470,5040600
67,6067,45.51249476,-73.55087847,2019,300825,5041400
68,6068,45.56250904,-73.6165604,2019,295701,5046960
69,6070,45.5064484,-73.57634872,2019,298834,5040730
70,6072,45.50171495,-73.57413054,2019,299007,5040200
71,6073,45.50501,-73.57069,2019,299276,5040570
72,6075,45.5082951,-73.58064294,2019,298499,5040930
73,6076,45.55792115,-73.52914721,2019,302524,5046450
74,6078,45.50538226,-73.56763422,2019,299515,5040610
75,6079,45.50975859,-73.57610732,2019,298853,5041100
76,6080,45.47393028,-73.60473454,2019,296611,5037120
77,6081,45.49570932,-73.57695222,2019,298786,5039530
78,6082,45.54990048,-73.58308375,2019,298313,5045560
79,6083,45.50373772,-73.56810629,2019,299478,5040430
80,6084,45.49558135,-73.55371088,2019,300602,5039520
81,6085,45.4952,-73.56328,2019,299854,5039480
82,6086,45.49045243,-73.56017232,2019,300097,5038950
83,6087,45.49302901,-73.56481791,2019,299734,5039240
84,6088,45.48916013,-73.56777102,2019,299503,5038810
85,6089,45.52783941,-73.5948211,2019,297393,5043110
86,6090,45.4948716,-73.57112378,2019,299241,5039440
87,6091,45.49168652,-73.57676715,2019,298800,5039090
88,6092,45.49709202,-73.57554942,2019,298896,5039690
89,6093,45.49122585,-73.58763009,2019,297951,5039040
90,6094,45.52564777,-73.59292746,2019,297541,5042860
91,6095,45.49180028,-73.58400643,2019,298234,5039100
92,6096,45.49356916,-73.56857568,2019,299440,5039300
93,6097,45.4928974,-73.58029425,2019,298524,5039220
94,6098,45.4965833,-73.57650161,2019,298821,5039630
95,6099,45.51506508,-73.55922952,2019,300172,5041680
96,6100,45.49659,-73.57851,2019,298664,5039630
97,6101,45.479483,-73.61979,2019,295435,5037740
98,6102,45.493034,-73.583836,2019,298247,5039240
99,6103,45.53575309,-73.55794072,2019,300275,5043980
100,6104,45.5168175,-73.55418831,2019,300566,5041880
101,6105,45.51937252,-73.55195805,2019,300741,5042160
102,6106,45.52114,-73.54926,2019,300952,5042360
103,6107,45.49367956,-73.57914627,2019,298614,5039310
104,6108,45.52836602,-73.55117083,2019,300803,5043160
105,6109,45.51374144,-73.53838205,2019,301801,5041540
106,6110,45.52900207,-73.54619935,2019,301191,5043230
107,6111,45.52600589,-73.54886413,2019,300983,5042900
108,6112,45.51913918,-73.55786562,2019,300279,5042140
109,6113,45.52123045,-73.55386108,2019,300592,5042370
110,6114,45.52353,-73.55199,2019,300739,5042620
111,6115,45.46685124,-73.63162771,2019,294507,5036330
112,6116,45.52349211,-73.56073022,2019,300056,5042620
113,6117,45.50526304,-73.57048005,2019,299292,5040600
114,6118,45.52510955,-73.56020585,2019,300097,5042800
115,6119,45.5277309,-73.55753839,2019,300306,5043090
116,6120,45.53370599,-73.55217934,2019,300725,5043760
117,6121,45.53456257,-73.55478646,2019,300521,5043850
118,6122,45.53057,-73.54913,2019,300963,5043410
119,6123,45.52327641,-73.55821833,2019,300252,5042600
120,6124,45.53193889,-73.55343863,2019,300626,5043560
121,6125,45.499757,-73.629298,2019,294695,5039990
122,6126,45.53213681,-73.5587132,2019,300214,5043580
123,6127,45.53658245,-73.61622512,2019,295723,5044080
124,6128,45.53529548,-73.5511601,2019,300804,5043930
125,6129,45.52997069,-73.56305301,2019,299875,5043340
126,6130,45.5367,-73.56081,2019,300051,5044090
127,6131,45.533924,-73.562425,2019,299924,5043780
128,6132,45.52913454,-73.55923355,2019,300173,5043250
129,6133,45.53673839,-73.56516659,2019,299711,5044090
130,6134,45.53840341,-73.56196404,2019,299961,5044280
131,6136,45.52761627,-73.5891147,2019,297839,5043080
132,6137,45.53034709,-73.56698781,2019,299568,5043380
133,6138,45.53167355,-73.56541336,2019,299691,5043530
134,6139,45.53292626,-73.56377989,2019,299818,5043670
135,6140,45.52980158,-73.57028961,2019,299310,5043320
136,6141,45.53354754,-73.56686711,2019,299577,5043740
137,6142,45.52779479,-73.57193917,2019,299181,5043100
138,6143,45.52689,-73.57264,2019,299126,5043000
139,6145,45.52451761,-73.57197672,2019,299177,5042740
140,6146,45.52317047,-73.56901288,2019,299409,5042590
141,6147,45.52479,-73.56545,2019,299687,5042770
142,6148,45.52720059,-73.56472939,2019,299744,5043030
143,6149,45.53867,-73.56936,2019,299383,5044310
144,6150,45.53711414,-73.5710031,2019,299255,5044140
145,6151,45.53646917,-73.57146308,2019,299219,5044060
146,6152,45.53418509,-73.57358873,2019,299052,5043810
147,6153,45.532674,-73.571776,2019,299194,5043640
148,6154,45.53229,-73.57544,2019,298908,5043600
149,6155,45.53092,-73.57674,2019,298806,5043450
150,6156,45.52775814,-73.57618511,2019,298849,5043100
151,6157,45.52940778,-73.57815385,2019,298695,5043280
152,6158,45.53081623,-73.58162597,2019,298424,5043440
153,6159,45.49452706,-73.5567525,2019,300364,5039400
154,6160,45.53297746,-73.5812223,2019,298456,5043680
155,6161,45.53582824,-73.57869029,2019,298654,5043990
156,6162,45.54612388,-73.64664674,2019,293349,5045140
157,6163,45.53543,-73.5822,2019,298380,5043950
158,6164,45.53331361,-73.58373687,2019,298260,5043710
159,6165,45.53251396,-73.58481109,2019,298176,5043630
160,6166,45.53373523,-73.58930647,2019,297825,5043760
161,6167,45.53703,-73.58584,2019,298096,5044130
162,6168,45.53087132,-73.59834552,2019,297118,5043440
163,6169,45.52743213,-73.57991673,2019,298558,5043060
164,6170,45.53045007,-73.58763814,2019,297955,5043400
165,6171,45.51958083,-73.56011599,2019,300104,5042190
166,6173,45.51908844,-73.56950909,2019,299370,5042130
167,6174,45.51908,-73.5727,2019,299120,5042130
168,6175,45.52027785,-73.56821626,2019,299471,5042260
169,6176,45.52496324,-73.57555881,2019,298898,5042790
170,6177,45.52242565,-73.57418418,2019,299005,5042500
171,6178,45.5222776,-73.5775906,2019,298739,5042490
172,6179,45.52060423,-73.57598394,2019,298864,5042300
173,6180,45.50941837,-73.56135786,2019,300006,5041060
174,6181,45.5173538,-73.58212888,2019,298384,5041940
175,6182,45.52175121,-73.58526841,2019,298139,5042430
176,6183,45.52236458,-73.5841459,2019,298227,5042500
177,6184,45.524673,-73.58255,2019,298352,5042750
178,6185,45.54912086,-73.6008735,2019,296924,5045470
179,6186,45.52931012,-73.58865738,2019,297875,5043270
180,6187,45.52562819,-73.58177483,2019,298412,5042860
181,6188,45.52602657,-73.57785881,2019,298718,5042900
182,6189,45.55072306,-73.60957056,2019,296245,5045650
183,6190,45.52700933,-73.58576596,2019,298101,5043010
184,6191,45.531401,-73.612674,2019,295999,5043500
185,6192,45.5299696,-73.59190285,2019,297622,5043340
186,6193,45.521495,-73.596758,2019,297241,5042400
187,6194,45.48947623,-73.58456567,2019,298190,5038840
188,6195,45.52403655,-73.59014332,2019,297758,5042680
189,6196,45.52134173,-73.58941913,2019,297814,5042380
190,6197,45.5389844,-73.58244538,2019,298361,5044340
191,6198,45.52974,-73.59527,2019,297359,5043320
192,6199,45.52593073,-73.59883904,2019,297079,5042900
193,6200,45.52462849,-73.59581083,2019,297316,5042750
194,6201,45.5235442,-73.58733237,2019,297978,5042630
195,6202,45.51007155,-73.57075229,2019,299272,5041130
196,6203,45.50658669,-73.57329905,2019,299072,5040740
197,6204,45.50814096,-73.57492983,2019,298945,5040920
198,6205,45.50936143,-73.57386366,2019,299028,5041050
199,6206,45.51059,-73.57547,2019,298903,5041190
200,6207,45.51283175,-73.57688785,2019,298793,5041440
201,6208,45.51069,-73.57805,2019,298702,5041200
202,6209,45.51254135,-73.57067719,2019,299278,5041400
203,6210,45.55069207,-73.65636706,2019,292591,5045650
204,6211,45.51561624,-73.57580826,2019,298877,5041750
205,6212,45.51509198,-73.58114183,2019,298460,5041690
206,6213,45.51687641,-73.57946008,2019,298592,5041890
207,6214,45.5160908,-73.57012868,2019,299321,5041800
208,6215,45.50083232,-73.57245952,2019,299137,5040100
209,6216,45.51483986,-73.5847789,2019,298176,5041660
210,6217,45.51896722,-73.58361617,2019,298268,5042120
211,6218,45.5125874,-73.57373893,2019,299039,5041410
212,6219,45.51740076,-73.57460529,2019,298971,5041940
213,6220,45.51921624,-73.57718021,2019,298770,5042150
214,6221,45.51941,-73.58685,2019,298015,5042170
215,6222,45.51825291,-73.5883382,2019,297899,5042040
216,6223,45.517,-73.589,2019,297847,5041900
217,6224,45.51829,-73.59235,2019,297585,5042050
218,6225,45.520188,-73.590559,2019,297725,5042260
219,6226,45.575707,-73.561562,2019,299995,5048420
220,6227,45.52103886,-73.59490693,2019,297386,5042350
221,6228,45.527363,-73.607723,2019,296386,5043060
222,6229,45.52116132,-73.58561575,2019,298112,5042360
223,6230,45.52385614,-73.6001265,2019,296978,5042660
224,6231,45.52302648,-73.60184044,2019,296844,5042570
225,6232,45.52426581,-73.61127377,2019,296108,5042710
226,6233,45.52428648,-73.60497326,2019,296600,5042710
227,6234,45.52741036,-73.60393524,2019,296681,5043060
228,6235,45.526557,-73.59827578,2019,297123,5042960
229,6236,45.53764926,-73.57978463,2019,298569,5044200
230,6237,45.532008,-73.58044446,2019,298517,5043570
231,6240,45.50572093,-73.62945914,2019,294684,5040650
232,6241,45.51753999,-73.59783188,2019,297157,5041960
233,6243,45.52068774,-73.6084279,2019,296329,5042310
234,6245,45.5225858,-73.61265779,2019,295999,5042520
235,6246,45.52027054,-73.61484915,2019,295828,5042270
236,6247,45.53226461,-73.61106321,2019,296125,5043600
237,6248,45.518593,-73.581566,2019,298428,5042080
238,6249,45.53696,-73.61199,2019,296054,5044120
239,6250,45.53678525,-73.61488796,2019,295827,5044100
240,6251,45.53441493,-73.61231647,2019,296028,5043840
241,6252,45.53318,-73.61544,2019,295784,5043700
242,6253,45.54013829,-73.61402839,2019,295895,5044480
243,6254,45.54006,-73.60897,2019,296290,5044470
244,6255,45.53848,-73.60556,2019,296556,5044290
245,6257,45.53626118,-73.6075455,2019,296401,5044040
246,6258,45.53708783,-73.59321848,2019,297520,5044130
247,6259,45.540881,-73.584157,2019,298228,5044560
248,6260,45.53923559,-73.58594567,2019,298088,5044370
249,6261,45.54459856,-73.58822286,2019,297911,5044970
250,6262,45.53715923,-73.59747648,2019,297187,5044140
251,6263,45.47117931,-73.62700224,2019,294870,5036810
252,6264,45.54256975,-73.59214425,2019,297604,5044740
253,6265,45.53925853,-73.57745916,2019,298751,5044370
254,6266,45.54666111,-73.5886842,2019,297875,5045200
255,6267,45.54437555,-73.59564453,2019,297331,5044940
256,6268,45.53993218,-73.5993433,2019,297042,5044450
257,6269,45.53762781,-73.55339438,2019,300630,5044190
258,6270,45.54345173,-73.60101029,2019,296912,5044840
259,6271,45.64000286,-73.49011302,2019,305571,5055570
260,6272,45.54653901,-73.5986647,2019,297096,5045190
261,6273,45.54679741,-73.60266387,2019,296783,5045210
262,6274,45.531164,-73.583695,2019,298263,5043480
263,6275,45.54484558,-73.61053616,2019,296168,5045000
264,6276,45.5416696,-73.6076045,2019,296397,5044640
265,6277,45.54818637,-73.59201014,2019,297616,5045370
266,6278,45.55001,-73.59576,2019,297323,5045570
267,6279,45.55158519,-73.59916493,2019,297057,5045750
268,6280,45.5243748,-73.59181032,2019,297628,5042720
269,6281,45.52769781,-73.58625278,2019,298063,5043090
270,6301,45.51830945,-73.60328615,2019,296731,5042050
271,6302,45.5160787,-73.60779762,2019,296378,5041800
272,6303,45.51414486,-73.62030208,2019,295401,5041590
273,6304,45.515617,-73.614991,2019,295816,5041750
274,6305,45.514379,-73.610871,2019,296138,5041610
275,6306,45.510086,-73.611429,2019,296093,5041140
276,6307,45.52017845,-73.57942387,2019,298595,5042250
277,6309,45.45688445,-73.57260704,2019,299121,5035220
278,6310,45.50687645,-73.62359181,2019,295142,5040780
279,6311,45.53488214,-73.60941231,2019,296255,5043890
280,6312,45.50144933,-73.63305062,2019,294402,5040180
281,6313,45.470303,-73.589848,2019,297775,5036710
282,6314,45.52932643,-73.57480645,2019,298957,5043270
283,6315,45.49626477,-73.62154394,2019,295301,5039600
284,6316,45.49705494,-73.61865252,2019,295527,5039690
285,6321,45.53589983,-73.62244248,2019,295237,5044010
286,6322,45.53873795,-73.62802148,2019,294802,5044320
287,6323,45.53966322,-73.63447487,2019,294298,5044430
288,6324,45.54560355,-73.63474041,2019,294278,5045090
289,6327,45.5392698,-73.62087876,2019,295360,5044380
290,6328,45.53893805,-73.62429321,2019,295093,5044340
291,6329,45.54095134,-73.6263746,2019,294931,5044570
292,6330,45.54078005,-73.6304006,2019,294617,5044550
293,6331,45.54342355,-73.63246188,2019,294456,5044840
294,6332,45.54248521,-73.63634169,2019,294153,5044740
295,6333,45.547218,-73.631103,2019,294563,5045260
296,6334,45.5437119,-73.62828434,2019,294782,5044870
297,6335,45.54481928,-73.62151042,2019,295311,5045000
298,6336,45.54297176,-73.61793906,2019,295590,5044790
299,6338,45.54595482,-73.62699151,2019,294884,5045120
300,6339,45.47456519,-73.62403572,2019,295102,5037190
301,6340,45.544867,-73.614841,2019,295832,5045000
302,6341,45.467369,-73.570769,2019,299266,5036380
303,6343,45.55068362,-73.61529306,2019,295798,5045650
304,6344,45.5352481,-73.61756355,2019,295618,5043930
305,6345,45.55496126,-73.61073732,2019,296154,5046120
306,6346,45.54969542,-73.55464697,2019,300533,5045530
307,6347,45.559199,-73.599658,2019,297020,5046590
308,6349,45.4757434,-73.5646007,2019,299749,5037320
309,6350,45.48149081,-73.56475353,2019,299738,5037950
310,6354,45.471743,-73.613924,2019,295892,5036880
311,6355,45.55626187,-73.5374406,2019,301877,5046260
312,6356,45.47710675,-73.621438,2019,295306,5037470
313,6357,45.55748732,-73.58874857,2019,297871,5046400
314,6358,45.55193736,-73.59392792,2019,297466,5045780
315,6359,45.50981336,-73.56389523,2019,299807,5041100
316,6360,45.553215,-73.58752,2019,297967,5045930
317,6361,45.5496859,-73.59115452,2019,297683,5045530
318,6362,45.54779995,-73.58486742,2019,298173,5045320
319,6363,45.46892698,-73.61987025,2019,295427,5036560
320,6364,45.54991069,-73.55826259,2019,300251,5045560
321,6366,45.51014162,-73.62475187,2019,295052,5041140
322,6367,45.54729492,-73.57899874,2019,298631,5045270
323,6368,45.55030553,-73.57335269,2019,299073,5045600
324,6369,45.45750908,-73.63948524,2019,293891,5035300
325,6370,45.557192,-73.569847,2019,299347,5046370
326,6371,45.546978,-73.575515,2019,298903,5045230
327,6372,45.5451997,-73.57645065,2019,298830,5045030
328,6373,45.54722665,-73.56986985,2019,299344,5045260
329,6374,45.55389802,-73.57138664,2019,299226,5046000
330,6375,45.477249,-73.587238,2019,297980,5037480
331,6376,45.55284236,-73.56529534,2019,299702,5045880
332,6377,45.47968,-73.56385,2019,299808,5037750
333,6379,45.46325354,-73.57587934,2019,298866,5035930
334,6380,45.551584,-73.561916,2019,299966,5045740
335,6381,45.54577595,-73.56217459,2019,299945,5045100
336,6383,45.55357074,-73.56049418,2019,300077,5045960
337,6384,45.5454589,-73.55666935,2019,300375,5045060
338,6385,45.53611005,-73.57628703,2019,298842,5044020
339,6386,45.54178033,-73.55571449,2019,300449,5044650
340,6387,45.54690718,-73.55155706,2019,300774,5045220
341,6388,45.55076798,-73.54942739,2019,300941,5045650
342,6389,45.54158631,-73.61248076,2019,296016,5044640
343,6391,45.54428417,-73.5453397,2019,301259,5044930
344,6393,45.54111009,-73.54754984,2019,301087,5044580
345,6394,45.54740496,-73.54467452,2019,301312,5045280
346,6395,45.56178282,-73.54661107,2019,301161,5046880
347,6396,45.55421376,-73.55155975,2019,300774,5046040
348,6397,45.55321884,-73.53978217,2019,301694,5045920
349,6398,45.55119189,-73.54087248,2019,301609,5045700
350,6401,45.48772279,-73.56908262,2019,299400,5038650
351,6402,45.47266801,-73.58538978,2019,298124,5036980
352,6403,45.48504798,-73.57196331,2019,299175,5038350
353,6404,45.485889,-73.577514,2019,298741,5038440
354,6405,45.48209804,-73.57487619,2019,298947,5038020
355,6406,45.48020823,-73.57759863,2019,298734,5037810
356,6407,45.48392802,-73.57731164,2019,298756,5038230
357,6408,45.4891,-73.57656,2019,298816,5038800
358,6409,45.48621939,-73.57374698,2019,299035,5038480
359,6410,45.54640752,-73.63842845,2019,293991,5045180
360,6411,45.51330257,-73.57296109,2019,299099,5041490
361,6412,45.553262,-73.638615,2019,293977,5045940
362,6413,45.50355184,-73.56875539,2019,299427,5040410
363,6414,45.48013379,-73.58590811,2019,298084,5037800
364,6415,45.46981979,-73.61696139,2019,295655,5036660
365,6416,45.47735334,-73.61537218,2019,295780,5037500
366,6417,45.5541523,-73.54749352,2019,301092,5046030
367,6418,45.49810026,-73.65294188,2019,292847,5039810
368,6419,45.491513,-73.633649,2019,294354,5039070
369,6420,45.48538473,-73.62814218,2019,294783,5038390
370,6421,45.54124722,-73.59104455,2019,297690,5044600
371,6422,45.55357893,-73.66208285,2019,292145,5045980
372,6423,45.496302,-73.629822,2019,294654,5039610
373,6424,45.49656304,-73.56491715,2019,299726,5039630
374,6425,45.46284605,-73.56592163,2019,299645,5035880
375,6426,45.45948769,-73.57209206,2019,299162,5035510
376,6427,45.47069643,-73.56542241,2019,299685,5036750
377,6428,45.45998578,-73.54395568,2019,301362,5035560
378,6429,45.46714,-73.54259,2019,301470,5036360
379,6432,45.48697062,-73.58929306,2019,297820,5038560
380,6433,45.48282603,-73.59084338,2019,297698,5038100
381,6434,45.47742856,-73.60016942,2019,296969,5037500
382,6435,45.48129147,-73.60033035,2019,296957,5037930
383,6436,45.48580087,-73.59579743,2019,297312,5038440
384,6501,45.51280058,-73.53111595,2019,302369,5041430
385,6502,45.5063732,-73.52457672,2019,302880,5040720
386,6503,45.5303513,-73.62439245,2019,295084,5043390
387,6504,45.52156537,-73.53533238,2019,302040,5042410
388,6700,45.54996329,-73.53443384,2019,302111,5045560
389,6701,45.50104111,-73.57717752,2019,298769,5040130
390,6702,45.569789,-73.548081,2019,301047,5047770
391,6703,45.55500446,-73.55535507,2019,300478,5046120
392,6704,45.561594,-73.585643,2019,298114,5046860
393,6705,45.456365,-73.57614,2019,298845,5035160
394,6706,45.45072998,-73.57257485,2019,299123,5034540
395,6707,45.45608546,-73.5819371,2019,298392,5035130
396,6709,45.461685,-73.584039,2019,298228,5035750
397,6710,45.55982812,-73.65832508,2019,292440,5046670
398,6711,45.531938,-73.617842,2019,295596,5043560
399,6712,45.4379138,-73.58274043,2019,298327,5033110
400,6713,45.56776565,-73.57968807,2019,298580,5047540
401,6714,45.41714742,-73.6442247,2019,293512,5030810
402,6715,45.44454702,-73.57509077,2019,298926,5033850
403,6716,45.56387237,-73.65556777,2019,292656,5047120
404,6717,45.49456403,-73.63870204,2019,293959,5039410
405,6718,45.466569,-73.623295,2019,295159,5036300
406,6719,45.46072936,-73.63407254,2019,294315,5035650
407,6720,45.5594818,-73.535496,2019,302029,5046620
408,6721,45.57696323,-73.54683638,2019,301145,5048560
409,6722,45.5749844,-73.53884876,2019,301768,5048340
410,6723,45.564944,-73.577639,2019,298739,5047230
411,6724,45.47166863,-73.58264387,2019,298338,5036860
412,6725,45.45085122,-73.5940272,2019,297445,5034550
413,6726,45.56076193,-73.65056142,2019,293046,5046770
414,6727,45.48408129,-73.56091797,2019,300038,5038240
415,6728,45.52687028,-73.62672329,2019,294901,5043000
416,6729,45.51642655,-73.55811238,2019,300260,5041840
417,6730,45.570081,-73.573047,2019,299098,5047800
418,6731,45.564353,-73.571244,2019,299239,5047160
419,6732,45.477923,-73.559038,2019,300184,5037560
420,6733,45.54717204,-73.61852109,2019,295545,5045260
421,6734,45.54211889,-73.6225471,2019,295230,5044700
422,6735,45.56105928,-73.60396743,2019,296684,5046800
423,6736,45.55675103,-73.66716161,2019,291749,5046330
424,6737,45.552123,-73.630103,2019,294642,5045810
425,6738,45.50235036,-73.5665828,2019,299597,5040270
426,6739,45.58031455,-73.53531361,2019,302044,5048930
427,6741,45.48631864,-73.57023329,2019,299310,5038490
428,6742,45.46339729,-73.59643579,2019,297259,5035950
429,6743,45.494514,-73.583368,2019,298284,5039400
430,6744,45.456355,-73.597557,2019,297170,5035160
431,6745,45.52797967,-73.62388283,2019,295123,5043130
432,6746,45.52357479,-73.62344295,2019,295157,5042640
433,6747,45.53050526,-73.61470833,2019,295840,5043400
434,6748,45.49282531,-73.55797827,2019,300268,5039210
435,6749,45.50642115,-73.55646551,2019,300388,5040720
436,6750,45.52872356,-73.58385891,2019,298250,5043200
437,6752,45.52605851,-73.61296892,2019,295976,5042910
438,6753,45.57414704,-73.57462138,2019,298976,5048250
439,6754,45.45759682,-73.5905286,2019,297720,5035300
440,6901,45.51689677,-73.56394887,2019,299804,5041890
441,6902,45.52108104,-73.56227517,2019,299935,5042350
442,6903,45.51666442,-73.57722044,2019,298767,5041860
443,6904,45.54205956,-73.59787345,2019,297157,5044690
444,6905,45.544377,-73.581018,2019,298473,5044940
445,6906,45.53195486,-73.59816045,2019,297133,5043560
446,6907,45.534136,-73.595478,2019,297343,5043810
447,6908,45.53341043,-73.60112429,2019,296902,5043730
448,6910,45.537041,-73.602026,2019,296832,5044130
449,6912,45.53535996,-73.60363483,2019,296706,5043940
450,6913,45.533348,-73.605834,2019,296534,5043720
451,6915,45.53243586,-73.606655,2019,296470,5043620
452,6916,45.544513,-73.571564,2019,299212,5044960
453,6917,45.54986843,-73.64765659,2019,293271,5045560
454,6918,45.53755266,-73.58993948,2019,297776,5044190
455,6919,45.55201648,-73.5818553,2019,298409,5045790
456,6921,45.48401829,-73.5634366,2019,299841,5038230
457,6923,45.54740778,-73.60766888,2019,296393,5045280
458,6924,45.54975479,-73.60556602,2019,296557,5045540
459,6925,45.55236372,-73.60286772,2019,296768,5045830
460,6926,45.52468298,-73.57889682,2019,298637,5042750
461,6927,45.50723,-73.615085,2019,295807,5040820
462,6928,45.49876715,-73.61886978,2019,295510,5039880
463,6929,45.53147464,-73.59242052,2019,297581,5043510
464,6930,45.55984236,-73.61544728,2019,295787,5046670
465,7001,45.53117751,-73.63213599,2019,294479,5043480
466,7002,45.54485857,-73.66681427,2019,291774,5045010
467,7003,45.49498148,-73.57773274,2019,298725,5039450
468,7004,45.54983321,-73.64063255,2019,293819,5045560
469,7005,45.56735206,-73.65378745,2019,292796,5047500
470,7006,45.54764848,-73.6655657,2019,291872,5045320
471,7007,45.51293324,-73.63389015,2019,294339,5041450
472,7008,45.55076908,-73.62091094,2019,295359,5045660
473,7009,45.51569017,-73.56096625,2019,300037,5041750
474,7010,45.48285235,-73.63034427,2019,294610,5038110
475,7011,45.52057364,-73.55614364,2019,300414,5042300
476,7012,45.51433537,-73.55646349,2019,300388,5041600
477,7013,45.464877,-73.62659723,2019,294900,5036110
478,7014,45.50427797,-73.61797661,2019,295581,5040490
479,7015,45.42947144,-73.59309916,2019,297515,5032180
480,7016,45.58284663,-73.54247645,2019,301485,5049220
481,7017,45.55305327,-73.53242755,2019,302268,5045900
482,7018,45.54522973,-73.53725016,2019,301891,5045040
483,7019,45.52751293,-73.59879076,2019,297083,5043070
484,7020,45.54369875,-73.55367333,2019,300609,5044870
485,7021,45.51915287,-73.6164692,2019,295701,5042140
486,7022,45.52222529,-73.60668719,2019,296466,5042480
487,7023,45.56169027,-73.61051202,2019,296173,5046870
488,7024,45.52723107,-73.58672619,2019,298026,5043040
489,7025,45.52793332,-73.60122251,2019,296893,5043120
490,7026,45.5270411,-73.59347057,2019,297499,5043020
491,7027,45.53711414,-73.56913894,2019,299400,5044140
492,7028,45.52774828,-73.59743893,2019,297189,5043100
493,7029,45.53802074,-73.58352363,2019,298277,5044240
494,7030,45.53340913,-73.57065707,2019,299281,5043720
495,7031,45.52271891,-73.57720435,2019,298769,5042540
496,7032,45.52625188,-73.58975839,2019,297789,5042930
497,7033,45.50856687,-73.57769787,2019,298729,5040960
498,7034,45.48049514,-73.57782662,2019,298716,5037840
499,7035,45.53922374,-73.5738368,2019,299034,5044370
500,7036,45.51989468,-73.59682739,2019,297236,5042220
501,7037,45.51163821,-73.57463479,2019,298968,5041300
502,7038,45.51410795,-73.57523024,2019,298922,5041580
503,7039,45.54376315,-73.56772006,2019,299512,5044870
504,7040,45.52951034,-73.61067966,2019,296155,5043290
505,7041,45.50095055,-73.57457846,2019,298972,5040120
506,7042,45.53233065,-73.62018675,2019,295413,5043610
507,7043,45.54971373,-73.56384829,2019,299815,5045540
508,7044,45.57932497,-73.57050419,2019,299298,5048830
509,7045,45.53472726,-73.61479282,2019,295834,5043870
510,7046,45.50238608,-73.57333794,2019,299069,5040280
511,7047,45.49390895,-73.55950713,2019,300149,5039330
512,7048,45.44704365,-73.60217835,2019,296807,5034130
513,7049,45.48986546,-73.56473073,2019,299740,5038880
514,7050,45.48972725,-73.56406286,2019,299793,5038870
515,7051,45.45002032,-73.60030621,2019,296954,5034460
516,7052,45.48300562,-73.56218666,2019,299939,5038120
517,7053,45.48091407,-73.56846035,2019,299448,5037890
518,7054,45.46766565,-73.59391784,2019,297456,5036420
519,7055,45.47995027,-73.58053565,2019,298504,5037780
520,7056,45.44826205,-73.57785612,2019,298710,5034260
521,7057,45.45789353,-73.56752824,2019,299519,5035330
522,7058,45.46107799,-73.567307,2019,299536,5035690
523,7059,45.45301584,-73.57191503,2019,299175,5034790
524,7060,45.46300109,-73.57156895,2019,299203,5035900
525,7061,45.54039621,-73.61681789,2019,295677,5044500
526,7062,45.49716534,-73.55933011,2019,300163,5039700
527,7063,45.54195463,-73.62994194,2019,294653,5044680
528,7064,45.53998385,-73.63813475,2019,294012,5044460
529,7065,45.54365085,-73.60565051,2019,296550,5044860
530,7066,45.50707813,-73.56139541,2019,300003,5040800
531,7067,45.50625103,-73.57139066,2019,299221,5040710
532,7068,45.48753099,-73.56507003,2019,299714,5038620
533,7069,45.50637134,-73.564201,2019,299783,5040720
534,7070,45.47993042,-73.55592102,2019,300428,5037780
535,7071,45.4957891,-73.58259559,2019,298345,5039540
536,7072,45.52303493,-73.56539458,2019,299691,5042570
537,7073,45.52319433,-73.55584256,2019,300438,5042590
538,7074,45.51812809,-73.56185138,2019,299968,5042020
539,7075,45.58753125,-73.5319072,2019,302310,5049740
540,7076,45.49122962,-73.58078241,2019,298486,5039040
541,7077,45.52649998,-73.54575277,2019,301226,5042950
542,7078,45.53445295,-73.55965197,2019,300141,5043840
543,7079,45.5001053,-73.56019914,2019,300095,5040020
544,7080,45.50501115,-73.57202768,2019,299172,5040570
545,7081,45.51438463,-73.56173202,2019,299977,5041610
546,7082,45.48294127,-73.57974172,2019,298566,5038120
547,7083,45.51560426,-73.57213497,2019,299164,5041750
548,7084,45.50281282,-73.57602417,2019,298859,5040320
549,7085,45.63137964,-73.50685738,2019,304265,5054610
550,7086,45.63065034,-73.49499464,2019,305190,5054530
551,7087,45.64155706,-73.50037515,2019,304771,5055740
552,7088,45.65140584,-73.5004127,2019,304768,5056830
553,7089,45.64954588,-73.49191546,2019,305430,5056630
554,7090,45.57065664,-73.65184218,2019,292948,5047870
555,7091,45.57600034,-73.64676476,2019,293346,5048460
556,7092,45.53972553,-73.67716491,2019,290964,5044440
557,7093,45.53980655,-73.68726611,2019,290175,5044450
558,7094,45.53308032,-73.69459659,2019,289601,5043700
559,7095,45.54068552,-73.6533764,2019,292822,5044540
560,7096,45.53830765,-73.6548838,2019,292704,5044280
561,7097,45.59722115,-73.56279016,2019,299901,5050820
562,7098,45.59535189,-73.55858982,2019,300229,5050610
563,7099,45.49704689,-73.64321619,2019,293607,5039690
564,7100,45.49404432,-73.65449488,2019,292725,5039360
565,7101,45.50045095,-73.66142839,2019,292184,5040070
566,7102,45.4705437,-73.63168001,2019,294504,5036740
567,7103,45.43147139,-73.67120504,2019,291404,5032410
568,7104,45.43498716,-73.67079869,2019,291437,5032800
569,7105,45.43283984,-73.69349152,2019,289661,5032560
570,7106,45.43579351,-73.68019044,2019,290702,5032890
571,7107,45.43312379,-73.68140548,2019,290606,5032590
572,7108,45.42245141,-73.60119402,2019,296881,5031400
573,7109,45.43566446,-73.60565186,2019,296534,5032860
574,7110,45.41534884,-73.62651408,2019,294898,5030610
575,7111,45.42612352,-73.65741581,2019,292482,5031810
576,7112,45.44404309,-73.61375213,2019,295901,5033800
577,7113,45.52593261,-73.59525293,2019,297359,5042900
578,7114,45.49283776,-73.55641991,2019,300390,5039210
579,7115,45.589175,-73.5396561,2019,301706,5049920
580,7116,45.59679648,-73.5351795,2019,302055,5050770
581,7117,45.59259615,-73.5661751,2019,299637,5050300
582,7118,45.58600999,-73.52183819,2019,303096,5049570
583,7119,45.59280261,-73.51046562,2019,303983,5050320
584,7120,45.59920617,-73.5122399,2019,303845,5051030
585,7121,45.59264808,-73.52521777,2019,302832,5050300
586,7122,45.58116003,-73.64124343,2019,293778,5049040
587,7123,45.59089191,-73.64061713,2019,293828,5050120
588,7124,45.5167827,-73.61142263,2019,296095,5041880
589,7125,45.56833022,-73.56666327,2019,299597,5047600
590,7126,45.57178978,-73.56431499,2019,299780,5047990
591,7127,45.5276501,-73.61229971,2019,296028,5043090
592,7128,45.51298963,-73.68249848,2019,290541,5041470
593,7129,45.51255921,-73.67701069,2019,290970,5041420
594,7130,45.50843905,-73.67296457,2019,291285,5040960
595,7131,45.50463493,-73.70443225,2019,288825,5040540
596,7132,45.5194925,-73.68510425,2019,290339,5042190
597,7133,45.50897852,-73.69856358,2019,289285,5041030
598,7134,45.52246015,-73.69156435,2019,289835,5042520
599,7135,45.50622284,-73.71148109,2019,288275,5040720
600,7136,45.50684316,-73.68175685,2019,290597,5040780
601,7137,45.57934937,-73.58168095,2019,298426,5048830
602,7138,45.58777797,-73.56935352,2019,299388,5049770
603,7139,45.50282786,-73.52779269,2019,302628,5040320
604,7140,45.48918572,-73.57190028,2019,299180,5038810
605,7141,45.47888853,-73.58198941,2019,298390,5037670
606,7142,45.45682319,-73.54680419,2019,301139,5035210
607,7143,45.44693448,-73.57219934,2019,299152,5034110
608,7144,45.46489252,-73.56699787,2019,299561,5036110
609,7145,45.45331877,-73.57677519,2019,298795,5034820
610,7146,45.49222239,-73.56934816,2019,299380,5039150
611,7147,45.53473935,-73.62076879,2019,295368,5043880
612,7148,45.55988368,-73.63356829,2019,294373,5046670
613,7149,45.56244008,-73.5953334,2019,297358,5046950
614,7150,45.55188644,-73.74444008,2019,285714,5045800
615,7151,45.55810895,-73.71959746,2019,287656,5046490
616,7152,45.56266825,-73.69236231,2019,289784,5046990
617,7153,45.56002975,-73.68133575,2019,290644,5046700
618,10002,45.47822787,-73.56965125,2019,299355,5037590
619,9,45.417294,-73.6443,2022,293506,5030830
620,10,45.44691,-73.60363,2022,296694,5034110
621,13,45.462726,-73.565959,2022,299642,5035870
622,17,45.544149,-73.66752,2022,291718,5044930
623,33,45.508203,-73.580112,2022,298540,5040920
624,38,45.473868,-73.604538,2022,296627,5037110
625,43,45.50367,-73.61848,2022,295541,5040420
626,47,45.495045,-73.57783,2022,298717,5039460
627,65,45.482778,-73.584621,2022,298185,5038100
628,75,45.43155,-73.67112,2022,291411,5032420
629,78,45.434898,-73.670819,2022,291435,5032790
630,79,45.435996,-73.680111,2022,290708,5032910
631,84,45.536346,-73.57131,2022,299231,5044050
632,86,45.515007,-73.619788,2022,295441,5041680
633,89,45.545328,-73.556352,2022,300400,5045050
634,92,45.531783,-73.597793,2022,297162,5043550
635,99,45.547108,-73.569367,2022,299383,5045250
636,100,45.55287,-73.565631,2022,299676,5045890
637,125,45.559872,-73.615541,2022,295780,5046670
638,126,45.550899,-73.62108,2022,295346,5045670
639,129,45.551862,-73.540228,2022,301659,5045770
640,132,45.535266,-73.51398,2022,303708,5043930
641,135,45.505359,-73.567741,2022,299507,5040610
642,137,45.549598,-73.541874,2022,301530,5045520
643,139,45.550768,-73.549427,2022,300941,5045650
644,141,45.553219,-73.539782,2022,301694,5045920
645,142,45.556262,-73.537441,2022,301877,5046260
646,143,45.557921,-73.529147,2022,302524,5046450
647,144,45.559482,-73.535496,2022,302029,5046620
648,145,45.529666,-73.567336,2022,299540,5043310
649,146,45.531674,-73.565413,2022,299691,5043530
650,147,45.532926,-73.56378,2022,299818,5043670
651,148,45.533409,-73.570657,2022,299281,5043720
652,149,45.533547,-73.566867,2022,299577,5043740
653,152,45.538403,-73.561964,2022,299961,5044280
654,153,45.539385,-73.541,2022,301598,5044390
655,154,45.54111,-73.54755,2022,301087,5044580
656,155,45.54178,-73.555714,2022,300449,5044650
657,156,45.54523,-73.53725,2022,301891,5045040
658,157,45.543699,-73.553673,2022,300609,5044870
659,158,45.544284,-73.54534,2022,301259,5044930
660,159,45.546907,-73.551557,2022,300774,5045220
661,161,45.549695,-73.554647,2022,300533,5045530
662,162,45.569789,-73.548081,2022,301047,5047770
663,164,45.576963,-73.546836,2022,301145,5048560
664,164,45.576963,-73.546836,2022,301145,5048560
665,165,45.580315,-73.535314,2022,302044,5048940
666,166,45.582847,-73.542476,2022,301485,5049220
667,167,45.527432,-73.579917,2022,298558,5043060
668,168,45.527795,-73.571939,2022,299181,5043100
669,169,45.529408,-73.578154,2022,298695,5043280
670,170,45.529326,-73.574806,2022,298957,5043270
671,171,45.529802,-73.57029,2022,299310,5043320
672,173,45.53229,-73.57544,2022,298908,5043600
673,175,45.534185,-73.573589,2022,299052,5043810
674,176,45.535828,-73.57869,2022,298654,5043990
675,177,45.53611,-73.576287,2022,298842,5044020
676,179,45.537114,-73.571003,2022,299255,5044140
677,180,45.537205,-73.579254,2022,298610,5044150
678,181,45.538021,-73.583524,2022,298277,5044240
679,182,45.53867,-73.56936,2022,299383,5044310
680,183,45.538984,-73.582445,2022,298361,5044340
681,184,45.539224,-73.573837,2022,299034,5044370
682,185,45.429471,-73.593099,2022,297515,5032180
683,186,45.437914,-73.58274,2022,298327,5033110
684,187,45.444547,-73.575091,2022,298926,5033850
685,188,45.448262,-73.577856,2022,298710,5034260
686,189,45.45073,-73.572575,2022,299123,5034540
687,190,45.450851,-73.594027,2022,297445,5034550
688,191,45.453319,-73.576775,2022,298795,5034820
689,192,45.453016,-73.571915,2022,299175,5034790
690,193,45.456355,-73.597557,2022,297170,5035160
691,194,45.456365,-73.57614,2022,298845,5035160
692,196,45.456885,-73.572607,2022,299121,5035220
693,197,45.457597,-73.590529,2022,297720,5035300
694,198,45.457893,-73.567528,2022,299519,5035330
695,199,45.459488,-73.572092,2022,299162,5035510
696,200,45.461078,-73.567307,2022,299536,5035690
697,201,45.461685,-73.584039,2022,298228,5035750
698,202,45.463397,-73.596436,2022,297259,5035950
699,203,45.463001,-73.571569,2022,299203,5035900
700,204,45.463254,-73.575879,2022,298866,5035930
701,205,45.467369,-73.570769,2022,299266,5036380
702,206,45.470696,-73.565422,2022,299685,5036750
703,207,45.527616,-73.589115,2022,297839,5043080
704,208,45.52931,-73.588657,2022,297875,5043270
705,209,45.52974,-73.59527,2022,297359,5043320
706,211,45.53045,-73.587638,2022,297955,5043400
707,214,45.532514,-73.584811,2022,298176,5043630
708,215,45.532978,-73.581222,2022,298456,5043680
709,216,45.533314,-73.583737,2022,298260,5043710
710,217,45.533735,-73.589307,2022,297825,5043760
711,218,45.53543,-73.5822,2022,298380,5043950
712,221,45.546408,-73.638428,2022,293991,5045180
713,222,45.547581,-73.665234,2022,291898,5045310
714,223,45.549833,-73.640633,2022,293819,5045560
715,224,45.549868,-73.647657,2022,293271,5045560
716,225,45.550692,-73.656367,2022,292591,5045650
717,226,45.552123,-73.630103,2022,294642,5045810
718,227,45.553262,-73.638615,2022,293977,5045940
719,229,45.556751,-73.667162,2022,291749,5046330
720,230,45.559828,-73.658325,2022,292440,5046670
721,231,45.560762,-73.650561,2022,293046,5046770
722,232,45.563872,-73.655568,2022,292656,5047120
723,233,45.567352,-73.653787,2022,292796,5047500
724,234,45.514565,-73.568407,2022,299455,5041630
725,235,45.516091,-73.570129,2022,299321,5041800
726,236,45.517,-73.589,2022,297847,5041900
727,237,45.518253,-73.588338,2022,297899,5042040
728,238,45.51829,-73.59235,2022,297585,5042050
729,239,45.51908,-73.5727,2022,299120,5042130
730,240,45.519088,-73.569509,2022,299370,5042130
731,241,45.519216,-73.57718,2022,298770,5042150
732,242,45.51941,-73.58685,2022,298015,5042170
733,243,45.520179,-73.579424,2022,298595,5042250
734,244,45.520188,-73.590559,2022,297725,5042260
735,245,45.520524,-73.567697,2022,299511,5042290
736,247,45.521564,-73.570367,2022,299303,5042410
737,248,45.521751,-73.585268,2022,298139,5042430
738,249,45.522278,-73.577591,2022,298739,5042490
739,250,45.522365,-73.584146,2022,298227,5042500
740,251,45.522426,-73.574184,2022,299005,5042500
741,252,45.522719,-73.577204,2022,298769,5042540
742,253,45.523035,-73.565395,2022,299691,5042570
743,254,45.522866,-73.568377,2022,299458,5042550
744,255,45.523544,-73.587332,2022,297978,5042630
745,256,45.524673,-73.58255,2022,298352,5042750
746,257,45.524683,-73.578897,2022,298637,5042750
747,258,45.524518,-73.571977,2022,299177,5042740
748,259,45.52479,-73.56545,2022,299687,5042770
749,261,45.525628,-73.581775,2022,298412,5042860
750,262,45.526027,-73.577859,2022,298718,5042900
751,263,45.527231,-73.586726,2022,298026,5043040
752,264,45.527009,-73.585766,2022,298101,5043010
753,265,45.527201,-73.564729,2022,299744,5043030
754,266,45.527758,-73.576185,2022,298849,5043100
755,267,45.530816,-73.581626,2022,298424,5043440
756,268,45.532008,-73.580444,2022,298517,5043570
757,271,45.514767,-73.565491,2022,299683,5041650
758,272,45.515065,-73.55923,2022,300172,5041680
759,273,45.516427,-73.558112,2022,300260,5041840
760,274,45.516897,-73.563949,2022,299804,5041890
761,277,45.518128,-73.561851,2022,299968,5042020
762,278,45.51889,-73.56353,2022,299837,5042110
763,279,45.519139,-73.557866,2022,300279,5042140
764,280,45.519373,-73.551958,2022,300741,5042160
765,281,45.519581,-73.560116,2022,300104,5042190
766,284,45.52114,-73.54926,2022,300952,5042360
767,285,45.52123,-73.553861,2022,300592,5042370
768,286,45.523194,-73.555843,2022,300438,5042590
769,288,45.523492,-73.56073,2022,300056,5042620
770,289,45.52353,-73.55199,2022,300739,5042620
771,291,45.526006,-73.548864,2022,300983,5042900
772,292,45.5265,-73.545753,2022,301226,5042950
773,293,45.526991,-73.558212,2022,300253,5043010
774,294,45.528366,-73.551171,2022,300803,5043160
775,295,45.529002,-73.546199,2022,301191,5043230
776,296,45.529134,-73.559234,2022,300173,5043250
777,297,45.529971,-73.563053,2022,299875,5043340
778,298,45.53057,-73.54913,2022,300963,5043410
779,299,45.531939,-73.553439,2022,300626,5043560
780,302,45.533706,-73.552179,2022,300725,5043760
781,303,45.534453,-73.559652,2022,300141,5043840
782,304,45.534563,-73.554787,2022,300521,5043850
783,305,45.535295,-73.55116,2022,300804,5043930
784,306,45.5367,-73.56081,2022,300051,5044090
785,307,45.537628,-73.553394,2022,300630,5044190
786,309,45.506511,-73.576669,2022,298809,5040740
787,310,45.507402,-73.578444,2022,298670,5040830
788,311,45.508141,-73.57493,2022,298945,5040920
789,312,45.508567,-73.577698,2022,298729,5040960
790,313,45.509361,-73.573864,2022,299028,5041050
791,314,45.509759,-73.576107,2022,298853,5041100
792,315,45.510072,-73.570752,2022,299272,5041130
793,316,45.51059,-73.57547,2022,298903,5041190
794,317,45.51066,-73.56497,2022,299724,5041200
795,318,45.51069,-73.57805,2022,298702,5041200
796,321,45.51166,-73.562136,2022,299945,5041310
797,322,45.512541,-73.570677,2022,299278,5041400
798,323,45.512587,-73.573739,2022,299039,5041410
799,324,45.512797,-73.561463,2022,299998,5041430
800,325,45.512832,-73.576888,2022,298793,5041440
801,326,45.513303,-73.572961,2022,299099,5041490
802,327,45.513405,-73.562594,2022,299909,5041500
803,328,45.514108,-73.57523,2022,298922,5041580
804,329,45.500832,-73.572459,2022,299137,5040100
805,330,45.51484,-73.584779,2022,298176,5041660
806,331,45.515092,-73.581142,2022,298460,5041690
807,332,45.515299,-73.561273,2022,300013,5041710
808,333,45.515604,-73.572135,2022,299164,5041750
809,334,45.515616,-73.575808,2022,298877,5041750
810,336,45.516876,-73.57946,2022,298592,5041890
811,337,45.517401,-73.574605,2022,298971,5041940
812,338,45.517354,-73.582129,2022,298384,5041940
813,339,45.518593,-73.581566,2022,298428,5042080
814,340,45.518967,-73.583616,2022,298268,5042120
815,341,45.457509,-73.639485,2022,293891,5035300
816,342,45.460729,-73.634073,2022,294315,5035650
817,343,45.464877,-73.626597,2022,294900,5036110
818,344,45.466569,-73.623295,2022,295159,5036300
819,346,45.468927,-73.61987,2022,295427,5036560
820,347,45.46982,-73.616961,2022,295655,5036660
821,348,45.471179,-73.627002,2022,294870,5036810
822,349,45.471743,-73.613924,2022,295892,5036880
823,350,45.474565,-73.624036,2022,295102,5037190
824,351,45.477107,-73.621438,2022,295306,5037470
825,352,45.477353,-73.615372,2022,295780,5037500
826,354,45.485385,-73.628142,2022,294783,5038390
827,355,45.486219,-73.573747,2022,299035,5038480
828,356,45.486319,-73.570233,2022,299310,5038490
829,357,45.487723,-73.569083,2022,299400,5038650
830,358,45.4891,-73.57656,2022,298816,5038800
831,359,45.489476,-73.584566,2022,298190,5038840
832,360,45.491226,-73.58763,2022,297951,5039040
833,361,45.491513,-73.633649,2022,294354,5039070
834,362,45.4918,-73.584006,2022,298234,5039100
835,363,45.492897,-73.580294,2022,298524,5039220
836,364,45.493034,-73.583836,2022,298247,5039240
837,365,45.49368,-73.579146,2022,298614,5039310
838,366,45.494514,-73.583368,2022,298284,5039400
839,368,45.495415,-73.622341,2022,295238,5039510
840,369,45.496302,-73.629822,2022,294654,5039610
841,370,45.49683,-73.57913,2022,298616,5039660
842,371,45.497055,-73.618652,2022,295527,5039690
843,373,45.501449,-73.633051,2022,294402,5040180
844,374,45.506899,-73.623526,2022,295148,5040780
845,375,45.505721,-73.629459,2022,294684,5040650
846,376,45.50723,-73.615085,2022,295807,5040820
847,377,45.510142,-73.624752,2022,295052,5041140
848,378,45.49123,-73.580782,2022,298486,5039040
849,379,45.495789,-73.582596,2022,298345,5039540
850,381,45.498112,-73.577615,2022,298734,5039800
851,382,45.498639,-73.574227,2022,298999,5039860
852,383,45.499191,-73.569421,2022,299375,5039920
853,384,45.499325,-73.571768,2022,299191,5039940
854,385,45.49947,-73.57591,2022,298868,5039950
855,386,45.499745,-73.579034,2022,298623,5039980
856,387,45.500105,-73.560199,2022,300095,5040020
857,388,45.50038,-73.57507,2022,298933,5040050
858,389,45.500606,-73.565448,2022,299685,5040080
859,392,45.501041,-73.577178,2022,298769,5040130
860,393,45.501715,-73.57413,2022,299007,5040200
861,394,45.501967,-73.555153,2022,300490,5040230
862,395,45.50206,-73.56295,2022,299881,5040240
863,396,45.50235,-73.566583,2022,299597,5040270
864,397,45.502786,-73.559134,2022,300179,5040320
865,398,45.502813,-73.576024,2022,298859,5040320
866,400,45.505011,-73.572028,2022,299172,5040570
867,401,45.504591,-73.559188,2022,300175,5040520
868,403,45.505312,-73.560891,2022,300042,5040600
869,404,45.50623,-73.55976,2022,300130,5040700
870,405,45.506251,-73.571391,2022,299221,5040710
871,406,45.506421,-73.556466,2022,300388,5040720
872,407,45.507078,-73.561395,2022,300003,5040800
873,408,45.507144,-73.555119,2022,300493,5040800
874,409,45.509655,-73.554009,2022,300580,5041080
875,410,45.510351,-73.556508,2022,300385,5041160
876,411,45.514114,-73.552645,2022,300687,5041580
877,412,45.489727,-73.564063,2022,299793,5038870
878,413,45.491687,-73.576767,2022,298800,5039090
879,414,45.493029,-73.564818,2022,299734,5039240
880,415,45.493569,-73.568576,2022,299440,5039300
881,418,45.494872,-73.571124,2022,299241,5039440
882,419,45.495581,-73.553711,2022,300602,5039520
883,420,45.496583,-73.576502,2022,298821,5039630
884,421,45.497515,-73.552571,2022,300691,5039730
885,422,45.498919,-73.557254,2022,300326,5039890
886,423,45.497605,-73.55535,2022,300474,5039740
887,425,45.519895,-73.596827,2022,297236,5042220
888,427,45.521496,-73.596827,2022,297236,5042400
889,428,45.523027,-73.60184,2022,296844,5042570
890,429,45.523856,-73.600127,2022,296978,5042660
891,430,45.524037,-73.590143,2022,297758,5042680
892,431,45.524287,-73.604973,2022,296600,5042710
893,432,45.524628,-73.595811,2022,297316,5042750
894,433,45.524942,-73.610606,2022,296160,5042790
895,434,45.525648,-73.592928,2022,297541,5042860
896,436,45.526252,-73.589758,2022,297789,5042930
897,437,45.526557,-73.598276,2022,297123,5042960
898,438,45.527041,-73.593471,2022,297499,5043020
899,439,45.527363,-73.607723,2022,296386,5043060
900,440,45.527513,-73.598791,2022,297083,5043070
901,441,45.527748,-73.597439,2022,297189,5043100
902,442,45.527839,-73.594821,2022,297393,5043110
903,443,45.527933,-73.601223,2022,296893,5043120
904,444,45.459986,-73.543956,2022,301362,5035560
905,445,45.46714,-73.54259,2022,301470,5036360
906,447,45.471669,-73.582644,2022,298338,5036860
907,448,45.472503,-73.539285,2022,301728,5036950
908,449,45.472668,-73.58539,2022,298124,5036980
909,450,45.475743,-73.564601,2022,299749,5037320
910,451,45.477249,-73.587238,2022,297980,5037480
911,452,45.477923,-73.559038,2022,300184,5037560
912,453,45.478228,-73.569651,2022,299355,5037590
913,455,45.47993,-73.555921,2022,300428,5037780
914,456,45.480914,-73.56846,2022,299448,5037890
915,459,45.482098,-73.574876,2022,298947,5038020
916,461,45.483006,-73.562187,2022,299939,5038120
917,462,45.483928,-73.577312,2022,298756,5038230
918,463,45.484018,-73.563437,2022,299841,5038230
919,464,45.48498,-73.560333,2022,300084,5038340
920,465,45.485048,-73.571963,2022,299175,5038350
921,466,45.485889,-73.577514,2022,298741,5038440
922,467,45.490042,-73.567111,2022,299554,5038900
923,468,45.492825,-73.557978,2022,300268,5039210
924,469,45.504242,-73.55347,2022,300622,5040480
925,470,45.50761,-73.551836,2022,300750,5040860
926,471,45.51086,-73.54983,2022,300907,5041220
927,472,45.52689,-73.57264,2022,299126,5043000
928,474,45.523575,-73.623443,2022,295157,5042640
929,477,45.500451,-73.661428,2022,292184,5040070
930,478,45.516783,-73.611423,2022,296095,5041880
931,479,45.525933,-73.595253,2022,297359,5042900
932,480,45.52765,-73.6123,2022,296028,5043090
933,481,45.53308,-73.694597,2022,289601,5043700
934,482,45.538308,-73.654884,2022,292704,5044280
935,483,45.539726,-73.677165,2022,290964,5044440
936,484,45.539806,-73.687266,2022,290175,5044450
937,485,45.540686,-73.653376,2022,292822,5044540
938,486,45.559884,-73.633568,2022,294373,5046670
939,487,45.56244,-73.595333,2022,297358,5046950
940,488,45.56833,-73.566663,2022,299597,5047600
941,489,45.570657,-73.651842,2022,292948,5047870
942,490,45.57179,-73.564315,2022,299780,5047990
943,492,45.579349,-73.581681,2022,298426,5048830
944,496,45.590892,-73.640617,2022,293828,5050120
945,499,45.595875,-73.523528,2022,302964,5050660
946,501,45.597221,-73.56279,2022,299901,5050820
947,502,45.497165,-73.55933,2022,300163,5039700
948,504,45.422451,-73.601194,2022,296881,5031400
949,505,45.426124,-73.657416,2022,292482,5031810
950,507,45.444043,-73.613752,2022,295901,5033800
951,508,45.446934,-73.572199,2022,299152,5034110
952,509,45.456823,-73.546804,2022,301139,5035210
953,510,45.464892,-73.566998,2022,299561,5036110
954,511,45.470544,-73.63168,2022,294504,5036740
955,512,45.478888,-73.581989,2022,298390,5037670
956,513,45.489186,-73.5719,2022,299180,5038810
957,514,45.490452,-73.560172,2022,300097,5038950
958,515,45.502828,-73.527793,2022,302628,5040320
959,516,45.492222,-73.569348,2022,299380,5039150
960,517,45.504635,-73.704432,2022,288825,5040540
961,519,45.506843,-73.681757,2022,290597,5040780
962,520,45.508439,-73.672965,2022,291285,5040960
963,521,45.508978,-73.698564,2022,289285,5041030
964,522,45.512559,-73.677011,2022,290970,5041420
965,523,45.519492,-73.685104,2022,290339,5042190
966,524,45.52246,-73.691564,2022,289835,5042520
967,525,45.506373,-73.524577,2022,302880,5040720
968,526,45.513741,-73.538382,2022,301801,5041540
969,527,45.523319,-73.520127,2022,303228,5042600
970,528,45.52841,-73.517166,2022,303459,5043170
971,529,45.533682,-73.515261,2022,303608,5043750
972,530,45.537226,-73.495067,2022,305185,5044150
973,531,45.539824,-73.508752,2022,304116,5044430
974,532,45.480208,-73.577599,2022,298734,5037810
975,533,45.480495,-73.577827,2022,298716,5037840
976,535,45.547218,-73.631103,2022,294563,5045260
977,537,45.521342,-73.589419,2022,297815,5042380
978,538,45.519153,-73.616469,2022,295701,5042140
979,542,45.515617,-73.614991,2022,295816,5041750
980,543,45.514379,-73.610871,2022,296138,5041610
981,544,45.520688,-73.608428,2022,296329,5042310
982,546,45.522586,-73.612658,2022,295999,5042520
983,547,45.510086,-73.611429,2022,296093,5041140
984,548,45.530505,-73.614708,2022,295840,5043400
985,549,45.543763,-73.56772,2022,299512,5044870
986,550,45.533348,-73.605834,2022,296534,5043720
987,551,45.53536,-73.603635,2022,296706,5043940
988,552,45.53341,-73.601124,2022,296902,5043730
989,553,45.537041,-73.602026,2022,296832,5044130
990,555,45.574147,-73.574621,2022,298976,5048250
991,556,45.544376,-73.595645,2022,297331,5044940
992,557,45.546661,-73.588684,2022,297875,5045200
993,558,45.549686,-73.591155,2022,297682,5045530
994,559,45.553457,-73.587842,2022,297942,5045950
995,560,45.558281,-73.583159,2022,298308,5046490
996,561,45.567766,-73.579688,2022,298580,5047540
997,562,45.537159,-73.597476,2022,297187,5044140
998,563,45.54257,-73.592144,2022,297604,5044740
999,564,45.548186,-73.59201,2022,297616,5045370
1000,565,45.532331,-73.620187,2022,295413,5043610
1001,566,45.536785,-73.614888,2022,295827,5044100
1002,567,45.53696,-73.61199,2022,296054,5044120
1003,568,45.54167,-73.607604,2022,296397,5044640
1004,569,45.54006,-73.60897,2022,296290,5044470
1005,570,45.543651,-73.60565,2022,296550,5044860
1006,571,45.546797,-73.602664,2022,296783,5045210
1007,572,45.549121,-73.600874,2022,296924,5045470
1008,573,45.537088,-73.593219,2022,297520,5044130
1009,574,45.541586,-73.612481,2022,296016,5044640
1010,575,45.544599,-73.588223,2022,297911,5044970
1011,576,45.5478,-73.584867,2022,298173,5045320
1012,577,45.5499,-73.583084,2022,298313,5045560
1013,578,45.538799,-73.5887,2022,297873,5044320
1014,580,45.539236,-73.585946,2022,298088,5044370
1015,581,45.529686,-73.601728,2022,296854,5043310
1016,582,45.543452,-73.60101,2022,296912,5044840
1017,583,45.546539,-73.598665,2022,297096,5045190
1018,584,45.530871,-73.598345,2022,297118,5043440
1019,585,45.55001,-73.59576,2022,297323,5045570
1020,586,45.54206,-73.597873,2022,297157,5044690
1021,587,45.531401,-73.612674,2022,295999,5043500
1022,588,45.544513,-73.571564,2022,299212,5044960
1023,589,45.532265,-73.611063,2022,296125,5043600
1024,590,45.534298,-73.612172,2022,296039,5043830
1025,591,45.53318,-73.61544,2022,295784,5043700
1026,592,45.53848,-73.60556,2022,296556,5044290
1027,593,45.536261,-73.607546,2022,296401,5044040
1028,594,45.534882,-73.609412,2022,296255,5043890
1029,597,45.556867,-73.589307,2022,297828,5046330
1030,598,45.551937,-73.593928,2022,297466,5045780
1031,600,45.554947,-73.555295,2022,300483,5046120
1032,601,45.557896,-73.576529,2022,298825,5046450
1033,602,45.575707,-73.561562,2022,299995,5048420
1034,604,45.570081,-73.573047,2022,299098,5047800
1035,606,45.549911,-73.558263,2022,300251,5045560
1036,607,45.550306,-73.573353,2022,299073,5045600
1037,608,45.557192,-73.569847,2022,299347,5046370
1038,611,45.553898,-73.571387,2022,299226,5046000
1039,613,45.551584,-73.561916,2022,299966,5045740
1040,614,45.545776,-73.562175,2022,299945,5045100
1041,615,45.553571,-73.560494,2022,300077,5045960
1042,616,45.541247,-73.591044,2022,297690,5044600
1043,619,45.52951,-73.61068,2022,296155,5043290
1044,620,45.549714,-73.563848,2022,299815,5045540
1045,622,45.515901,-73.559948,2022,300116,5041780
1046,622,45.515901,-73.559948,2022,300116,5041780
1047,623,45.502311,-73.5733635,2022,299067,5040270
1048,624,45.501441,-73.560144,2022,300100,5040170
1049,625,45.507838,-73.563136,2022,299867,5040880
1050,626,45.502145,-73.573427,2022,299062,5040250
1051,627,45.522225,-73.606687,2022,296466,5042480
1052,628,45.521565,-73.535332,2022,302040,5042410
1053,629,45.506587,-73.573299,2022,299072,5040740
1054,630,45.51754,-73.597832,2022,297157,5041960
1055,631,45.564944,-73.577639,2022,298739,5047230
1056,633,45.45002,-73.600306,2022,296954,5034460
1057,634,45.495709,-73.576952,2022,298786,5039530
1058,635,45.561594,-73.585643,2022,298114,5046860
1059,636,45.486971,-73.589293,2022,297820,5038560
1060,637,45.482826,-73.590843,2022,297698,5038100
1061,638,45.477429,-73.600169,2022,296969,5037500
1062,639,45.481291,-73.60033,2022,296957,5037930
1063,641,45.562509,-73.61656,2022,295701,5046960
1064,642,45.537891,-73.618215,2022,295568,5044230
1065,645,45.551585,-73.599165,2022,297057,5045750
1066,646,45.5359,-73.622443,2022,295237,5044010
1067,647,45.538738,-73.628022,2022,294802,5044320
1068,648,45.539663,-73.634475,2022,294298,5044420
1069,650,45.540951,-73.626375,2022,294931,5044570
1070,651,45.54078,-73.630401,2022,294616,5044550
1071,652,45.543424,-73.632462,2022,294456,5044840
1072,653,45.542485,-73.636342,2022,294153,5044740
1073,654,45.544819,-73.62151,2022,295312,5045000
1074,656,45.545955,-73.626992,2022,294884,5045120
1075,657,45.544867,-73.614841,2022,295832,5045000
1076,658,45.550684,-73.615293,2022,295798,5045650
1077,659,45.535248,-73.617564,2022,295618,5043930
1078,660,45.554961,-73.610737,2022,296154,5046120
1079,661,45.559199,-73.599658,2022,297020,5046590
1080,663,45.52687,-73.626723,2022,294901,5043000
1081,664,45.54717,-73.618041,2022,295583,5045260
1082,665,45.542119,-73.622547,2022,295230,5044700
1083,666,45.561059,-73.603967,2022,296684,5046800
1084,669,45.549755,-73.605566,2022,296557,5045540
1085,674,45.541955,-73.629942,2022,294653,5044680
1086,675,45.539984,-73.638135,2022,294012,5044460
1087,676,45.534136,-73.595478,2022,297343,5043810
1088,677,45.526267,-73.603191,2022,296739,5042930
1089,678,45.587531,-73.531907,2022,302310,5049740
1090,680,45.579325,-73.570504,2022,299298,5048830
1091,681,45.512871,-73.558466,2022,300232,5041440
1092,684,45.506371,-73.564201,2022,299783,5040720
1093,686,45.551192,-73.540873,2022,301609,5045700
1094,687,45.500208,-73.571138,2022,299241,5040030
1095,688,45.561783,-73.546611,2022,301161,5046880
1096,689,45.528724,-73.583859,2022,298250,5043200
1097,690,45.498578,-73.560242,2022,300092,5039850
1098,691,45.596797,-73.535179,2022,302055,5050770
1099,692,45.4981,-73.652942,2022,292847,5039810
1100,693,45.589175,-73.539656,2022,301706,5049920
1101,694,45.520222,-73.629856,2022,294655,5042260
1102,696,45.526058,-73.612969,2022,295976,5042910
1103,699,45.641557,-73.500375,2022,304771,5055740
1104,701,45.649546,-73.491916,2022,305430,5056630
1105,702,45.505386,-73.570432,2022,299296,5040610
1106,703,45.551886,-73.74444,2022,285714,5045800
1107,704,45.558109,-73.719598,2022,287656,5046490
1108,705,45.562668,-73.692362,2022,289784,5046990
1109,706,45.56003,-73.681336,2022,290644,5046700
1110,749,45.5206338,-73.563906,2022,299808,5042300
1111,750,45.5179989,-73.5681841,2022,299473,5042010
1112,751,45.4808458,-73.5838616,2022,298244,5037880
1113,752,45.4983122,-73.567256,2022,299544,5039820
1114,753,45.5013987,-73.5717863,2022,299190,5040170
1115,756,45.4942598,-73.5638181,2022,299812,5039370
1116,757,45.5319579,-73.607001,2022,296443,5043570
1117,759,45.4945271,-73.5567525,2022,300364,5039400
1118,760,45.5295036,-73.6048646,2022,296609,5043290
1119,761,45.5205595,-73.5858203,2022,298096,5042300
1120,762,45.5166644,-73.5772204,2022,298767,5041860
1121,763,45.5390004,-73.614251,2022,295877,5044350
1122,764,45.5236149,-73.5924574,2022,297577,5042640
1123,765,45.5398641,-73.6203128,2022,295404,5044450
1124,767,45.5388872,-73.623907,2022,295123,5044340
1125,769,45.47968,-73.56385,2022,299808,5037750
1126,770,45.5461147,-73.5570931,2022,300342,5045140
1127,771,45.5303513,-73.6243924,2022,295084,5043390
1128,774,45.4801338,-73.5859081,2022,298084,5037800
1129,775,45.5280879,-73.5858625,2022,298093,5043130
1130,776,45.486241,-73.5957277,2022,297317,5038480
1131,778,45.4560855,-73.5819371,2022,298392,5035130
1132,779,45.5070965,-73.5684416,2022,299452,5040800
1133,780,45.4157687,-73.6379242,2022,294005,5030660
1134,781,45.5129332,-73.6338902,2022,294339,5041450
1135,784,45.4676657,-73.5939178,2022,297456,5036420
1136,785,45.4940443,-73.6544949,2022,292725,5039360
1137,786,45.4163102,-73.6129159,2022,295963,5030710
1138,788,45.5581597,-73.5484001,2022,301021,5046470
1139,790,45.5357088,-73.6196235,2022,295457,5043980
1140,834,45.5169365,-73.640483,2022,293824,5041900
1141,835,45.4818402,-73.595379,2022,297344,5038000
1142,837,45.505063,-73.5706812,2022,299277,5040570
1143,838,45.5224026,-73.5811767,2022,298459,5042500
1144,841,45.4813667,-73.5643189,2022,299772,5037940
1145,842,45.51405,-73.6472556,2022,293295,5041580
1146,843,45.50919,-73.6603206,2022,292273,5041040
1147,845,45.5358344,-73.5870212,2022,298004,5043990
1148,846,45.5522894,-73.6130065,2022,295977,5045830
1149,852,45.4924627,-73.5607839,2022,300049,5039170
1150,855,45.5106246,-73.5669033,2022,299572,5041190
1151,858,45.5295036,-73.6048646,2022,296609,5043290
1152,859,45.5231722,-73.6180971,2022,295574,5042590
1153,860,45.5128006,-73.5311159,2022,302369,5041430
1154,862,45.5363438,-73.5127777,2022,303802,5044050
1155,864,45.4789684,-73.6195993,2022,295450,5037680
1156,865,45.5201249,-73.5952138,2022,297362,5042250
1157,866,45.5992655,-73.5122607,2022,303844,5051040
1158,868,45.5519116,-73.5792112,2022,298615,5045780
1159,869,45.5303649,-73.5843927,2022,298208,5043390
1160,876,45.5217675,-73.5571025,2022,300339,5042430
1161,880,45.4987648,-73.5544766,2022,300543,5039870
1162,884,45.5403962,-73.6168179,2022,295677,5044500
1163,886,45.5439195,-73.5842489,2022,298221,5044890
1164,887,45.5480035,-73.5813899,2022,298445,5045350
1165,888,45.5315651,-73.6169464,2022,295666,5043520
1166,890,45.5278492,-73.5918613,2022,297625,5043110
1167,891,45.5475583,-73.5754719,2022,298907,5045300
1168,892,45.5413694,-73.583974,2022,298242,5044610
1169,895,45.5274603,-73.6241752,2022,295100,5043070
1170,898,45.5517743,-73.6034784,2022,296721,5045770
1171,901,45.4804701,-73.6112161,2022,296105,5037840
1172,903,45.4898298,-73.5896777,2022,297790,5038880
1173,906,45.5314746,-73.5924205,2022,297581,5043510
1174,908,45.5455805,-73.6349,2022,294266,5045080
1175,910,45.5365054,-73.5680392,2022,299486,5044070
1176,911,45.4802642,-73.5809936,2022,298468,5037820
1177,912,45.4763443,-73.6062594,2022,296492,5037390
1178,913,45.4669357,-73.6315311,2022,294515,5036340
1179,914,45.4818451,-73.6303738,2022,294608,5038000
1180,915,45.4891131,-73.6470129,2022,293309,5038810
1181,916,45.5208548,-73.6157396,2022,295758,5042330
1182,917,45.5432845,-73.6162861,2022,295719,5044830
1183,918,45.4959617,-73.5732535,2022,299075,5039560
1184,919,45.5008765,-73.5590056,2022,300189,5040110
1185,921,45.5321322,-73.5587601,2022,300210,5043580
1186,922,45.6514058,-73.5004127,2022,304768,5056830
1187,923,45.5303174,-73.5548669,2022,300514,5043380
1188,925,45.5233037,-73.5579997,2022,300269,5042600
1189,926,45.6174998,-73.6060113,2022,296532,5053070
1190,927,45.5319436,-73.7136054,2022,288116,5043580
1191,928,45.5129939,-73.6824985,2022,290541,5041470
1192,929,45.5415485,-73.5650124,2022,299723,5044630
1193,930,45.5394606,-73.5760564,2022,298860,5044400
1194,931,45.5061758,-73.7111861,2022,288298,5040720
1195,932,45.5147343,-73.691449,2022,289842,5041660
1196,934,45.5011651,-73.6205475,2022,295379,5040140
1197,935,45.5099315,-73.5638067,2022,299814,5041110
1198,936,45.5750536,-73.5389322,2022,301761,5048350
1199,937,45.6019133,-73.5244185,2022,302895,5051330
1200,938,45.4875216,-73.565003,2022,299719,5038620
1201,941,45.5428981,-73.561846,2022,299970,5044780
1202,942,45.5384608,-73.5776791,2022,298734,5044290
1203,943,45.5251603,-73.5992467,2022,297047,5042810
1204,944,45.5594955,-73.6989176,2022,289271,5046640
1205,945,45.552298,-73.7073827,2022,288608,5045840
1206,946,45.5783318,-73.655954,2022,292629,5048730
1207,948,45.5460356,-73.6465985,2022,293353,5045140
1208,950,45.4999647,-73.5561544,2022,300412,5040010
1209,954,45.5036663,-73.5695761,2022,299363,5040420
1210,955,45.5149464,-73.5562329,2022,300407,5041670
1211,956,45.5018635,-73.543961,2022,301365,5040220
1212,958,45.5199567,-73.5548166,2022,300518,5042230
1213,960,45.5262351,-73.54895,2022,300976,5042930
1214,961,45.4250597,-73.6495992,2022,293093,5031690
1215,962,45.4328944,-73.5968529,2022,297222,5032560
1216,963,45.4452719,-73.6244836,2022,295062,5033930
1217,964,45.4385441,-73.6202163,2022,295395,5033190
1218,965,45.5258899,-73.6500344,2022,293080,5042900
1219,966,45.429711,-73.6338834,2022,294324,5032210
1220,971,45.460023,-73.644442,2022,293504,5035580
1221,972,45.4904723,-73.6385324,2022,293972,5038960
1222,974,45.471882,-73.6400217,2022,293852,5036890
1223,976,45.6046208,-73.5159963,2022,303552,5051640
1224,979,45.6059017,-73.5343695,2022,302119,5051780
1225,980,45.5668693,-73.6410168,2022,293793,5047450
1226,983,45.4528579,-73.5892488,2022,297819,5034770
1227,984,45.531634,-73.5682458,2022,299470,5043530
1228,985,45.5480925,-73.624261,2022,295097,5045360
1229,986,45.5409997,-73.5582626,2022,300250,5044570
1230,987,45.477605,-73.573775,2022,299032,5037520
1231,988,45.5717982,-73.5415497,2022,301557,5047990
1232,989,45.4689119,-73.6095089,2022,296237,5036560
1233,993,45.6112307,-73.5312416,2022,302363,5052370
1234,994,45.472561,-73.5699892,2022,299328,5036960
1235,995,45.5648113,-73.5958041,2022,297321,5047220
1236,996,45.490628,-73.628878,2022,294726,5038980
1237,997,45.4826927,-73.6348128,2022,294261,5038090
1238,998,45.4751933,-73.5809433,2022,298471,5037260
1239,999,45.526765,-73.730423,2022,286801,5043010
1240,1000,45.5691762,-73.6362934,2022,294162,5047710
1241,1003,45.5648113,-73.5958041,2022,297321,5047220
1242,1004,45.5040143,-73.7044269,2022,288825,5040480
1243,1006,45.4984678,-73.5684335,2022,299452,5039840
1244,1007,45.5043468,-73.5689485,2022,299412,5040490
1245,1008,45.5262351,-73.54895,2022,300976,5042930
1246,1009,45.5302211,-73.5769965,2022,298786,5043370
1247,1010,45.5552411,-73.5508221,2022,300832,5046150
1248,1011,45.4335565,-73.6840434,2022,290400,5032640
1249,1016,45.5616903,-73.610512,2022,296173,5046870
1250,1017,45.5832879,-73.6327636,2022,294440,5049270
1251,1020,45.5649368,-73.5555911,2022,300461,5047230
1252,1024,45.5545638,-73.5961568,2022,297293,5046080
1253,1025,45.5338507,-73.5789116,2022,298637,5043770
1254,1026,45.6096263,-73.522739,2022,303026,5052190
1255,1027,45.4953717,-73.5685891,2022,299439,5039500
1256,1032,45.5760003,-73.6467648,2022,293346,5048460
1257,1033,45.5340705,-73.5626507,2022,299907,5043800
1258,1034,45.539324,-73.5958784,2022,297312,5044380
1259,1037,45.5003388,-73.6826205,2022,290528,5040060
1260,1038,45.5223415,-73.7216789,2022,287483,5042520
1261,1040,45.4391447,-73.5917366,2022,297623,5033250
1262,1041,45.5451997,-73.5764507,2022,298830,5045030
1263,1044,45.5375266,-73.5751244,2022,298933,5044180
1264,1048,45.440347,-73.7023133,2022,288972,5033400
1265,1050,45.43746,-73.6935318,2022,289659,5033080
1266,1053,45.5169478,-73.6263156,2022,294931,5041900
1267,1054,45.5157751,-73.6006093,2022,296940,5041770
1268,1055,45.5990861,-73.6369479,2022,294116,5051030
1269,1056,45.5128938,-73.5612479,2022,300015,5041440
1270,1057,45.588303,-73.5778372,2022,298727,5049820
1271,1058,45.4575911,-73.5675594,2022,299516,5035300
1272,1059,45.4650577,-73.5667753,2022,299578,5036130
1273,1062,45.4479158,-73.5838187,2022,298244,5034220
1274,1068,45.5474078,-73.6076689,2022,296393,5045280
1275,1069,45.494564,-73.638702,2022,293959,5039410
1276,1070,45.5082046,-73.5688144,2022,299423,5040920
1277,1071,45.5507836,-73.5341,2022,302137,5045650
1278,1072,45.5435597,-73.627772,2022,294822,5044860
1279,1073,45.5251147,-73.586006,2022,298082,5042800
1280,1075,45.5880822,-73.6322231,2022,294483,5049810
1281,1076,45.5280002,-73.6192358,2022,295486,5043130
1282,1077,45.5317737,-73.5724462,2022,299142,5043540
1283,1082,45.5570222,-73.6599016,2022,292316,5046360
1284,1084,45.5539483,-73.6115748,2022,296089,5046010
1285,1086,45.5707266,-73.737086,2022,286295,5047900
1286,1087,45.5636787,-73.5716045,2022,299210,5047090
1287,1090,45.519132,-73.5578897,2022,300277,5042140
1288,1091,45.5207958,-73.6032707,2022,296732,5042320
1289,1095,45.6145192,-73.6122447,2022,296046,5052740
1290,1096,45.5003924,-73.578168,2022,298691,5040060
1291,1101,45.5386271,-73.5528392,2022,300673,5044300
1292,1103,45.5864002,-73.5952181,2022,297370,5049620
1293,1104,45.5904902,-73.5902694,2022,297757,5050070
1294,1105,45.6062348,-73.6287838,2022,294754,5051820
1295,1107,45.5200557,-73.6779515,2022,290898,5042250
1296,1108,45.5616903,-73.610512,2022,296173,5046870
1297,1109,45.593985,-73.6376721,2022,294059,5050460
1298,1110,45.5794057,-73.6025888,2022,296794,5048840
1299,1111,45.4380555,-73.6727393,2022,291286,5033140
1300,1112,45.4365683,-73.7083697,2022,288498,5032980
1301,1113,45.4305431,-73.6690244,2022,291574,5032300
1302,1114,45.6027276,-73.5579303,2022,300281,5051430
1303,1115,45.6109266,-73.5467345,2022,301155,5052340
1304,1116,45.502989,-73.689113,2022,290022,5040360
1305,1117,45.5175831,-73.7266141,2022,287096,5041990
1306,1118,45.5131776,-73.7130609,2022,288153,5041500
1307,1119,45.4398238,-73.6948782,2022,289554,5033340
1308,1120,45.4460609,-73.6507995,2022,293004,5034030
1309,1121,45.5286305,-73.6773124,2022,290950,5043210
1310,1123,45.5534001,-73.6622545,2022,292132,5045960
1311,1124,45.5597053,-73.5515544,2022,300775,5046640
1312,1125,45.5200191,-73.6189073,2022,295511,5042240
1313,1128,45.4383671,-73.7154669,2022,287943,5033180
1314,1132,45.58116,-73.6412434,2022,293778,5049040
1315,1133,45.5446806,-73.6101606,2022,296198,5044980
1316,1136,45.5684203,-73.7468728,2022,285530,5047640
1317,1137,45.4836285,-73.5797026,2022,298569,5038190
1318,1139,45.5039817,-73.6228395,2022,295201,5040460
1319,1140,45.5259138,-73.6891115,2022,290028,5042910
1320,1142,45.4328398,-73.6934915,2022,289661,5032560
1321,1145,45.5953519,-73.5586762,2022,300222,5050610
1322,1146,45.5205975,-73.5759705,2022,298865,5042300
1323,1147,45.5354834,-73.5659391,2022,299650,5043950
1324,1148,45.5249771,-73.6106864,2022,296154,5042790
1325,1149,45.5546589,-73.546603,2022,301162,5046080
1326,1150,45.5399002,-73.5993621,2022,297040,5044450
1327,1151,45.4997438,-73.5789384,2022,298631,5039980
1328,1152,45.4397787,-73.6813706,2022,290611,5033330
1329,1153,45.4997974,-73.6301753,2022,294627,5039990
1330,1154,45.5347253,-73.6145206,2022,295856,5043870
1331,1155,45.5161321,-73.5604969,2022,300074,5041800
1332,1156,45.5475815,-73.6122085,2022,296038,5045300
1333,1157,45.5762911,-73.583529,2022,298281,5048490
1334,1158,45.595768,-73.5953039,2022,297365,5050660
1335,1159,45.6400029,-73.490113,2022,305571,5055570
1336,1160,45.4586632,-73.5960227,2022,297290,5035420
1337,1161,45.5070762,-73.5722852,2022,299152,5040800
1338,1162,45.5214582,-73.5620499,2022,299953,5042400
1339,1163,45.548145,-73.5471261,2022,301120,5045360
1340,1164,45.5536514,-73.5341495,2022,302134,5045970
1341,1165,45.4360551,-73.6057752,2022,296524,5032910
1342,1166,45.429167,-73.6628097,2022,292060,5032150
1343,1167,45.4433803,-73.7178916,2022,287755,5033740
1344,1168,45.4697664,-73.5892588,2022,297821,5036650
1345,1169,45.5243588,-73.5605344,2022,300071,5042720
1346,1170,45.5191037,-73.6051905,2022,296582,5042140
1347,1171,45.591455,-73.5627553,2022,299904,5050170
1348,1172,45.4328946,-73.5968569,2022,297222,5032560
1349,1173,45.5604899,-73.7091851,2022,288470,5046750
1350,1174,45.5684396,-73.6752021,2022,291124,5047630
1351,1175,45.5254742,-73.5743251,2022,298994,5042840
1352,1176,45.5299594,-73.632946,2022,294416,5043350
1353,1177,45.5278391,-73.5895747,2022,297803,5043110
1354,1178,45.5351901,-73.6154822,2022,295781,5043930
1355,1179,45.5135916,-73.5662556,2022,299623,5041520
1356,1180,45.5453692,-73.6117625,2022,296073,5045060
1357,1181,45.5040272,-73.5697022,2022,299353,5040460
1358,1182,45.4941996,-73.5599846,2022,300112,5039370
1359,1183,45.4977228,-73.6192533,2022,295480,5039760
1360,1184,45.477802,-73.6150128,2022,295808,5037550
1361,1185,45.5162224,-73.5529733,2022,300661,5041810
1362,1186,45.5169025,-73.5272455,2022,302671,5041890
1363,1187,45.4335115,-73.6833906,2022,290451,5032640
1364,1189,45.5331335,-73.6147285,2022,295839,5043700
1365,1190,45.5306042,-73.70377,2022,288884,5043430
1366,1191,45.5106881,-73.5653074,2022,299697,5041200
1367,1192,45.4611038,-73.5672373,2022,299542,5035690
1368,1193,45.4335212,-73.6835432,2022,290439,5032640
1369,1194,45.4697664,-73.5892588,2022,297821,5036650
1370,1195,45.5197013,-73.5766625,2022,298811,5042200
1371,1196,45.4927744,-73.5688573,2022,299418,5039210
1372,1197,45.576113,-73.5469437,2022,301136,5048470
1373,1198,45.529107,-73.584803,2022,298176,5043250
1374,1199,45.5137229,-73.5603105,2022,300088,5041540
1375,1200,45.4793011,-73.5662945,2022,299617,5037710
1376,1201,45.6308738,-73.4950389,2022,305187,5054550
1377,1202,45.6315812,-73.5079604,2022,304179,5054630
1378,1203,45.6283593,-73.5000479,2022,304796,5054270
1379,1204,45.5254474,-73.5742486,2022,299000,5042840
1380,1205,45.5520234,-73.5817184,2022,298420,5045790
1381,1206,45.6024865,-73.5432905,2022,301423,5051400
1382,1207,45.6126908,-73.5100499,2022,304016,5052530
1383,1208,45.4900138,-73.5672063,2022,299547,5038900
1384,1209,45.4951965,-73.5778345,2022,298717,5039480
1385,1210,45.5106881,-73.5653074,2022,299697,5041200
1386,1212,45.517944,-73.5565475,2022,300382,5042000
1387,1213,45.5209516,-73.5499866,2022,300895,5042340
1388,1214,45.5209208,-73.5499048,2022,300901,5042340
1389,1215,45.5587396,-73.6058904,2022,296533,5046540
1390,1216,45.548145,-73.5471261,2022,301120,5045360
1391,1217,45.5275891,-73.5890758,2022,297842,5043080
1392,1218,45.5630842,-73.5481941,2022,301038,5047020
1393,1219,45.4949751,-73.5777704,2022,298722,5039450
1394,1220,45.5293521,-73.5633184,2022,299854,5043270
1395,1221,45.5648113,-73.5958041,2022,297321,5047220
1396,1222,45.5530175,-73.7582266,2022,284638,5045930
1397,1223,45.56157,-73.75448,2022,284934,5046880
1398,1224,45.5237405,-73.6716992,2022,291387,5042660
1399,1225,45.5281437,-73.6925454,2022,289760,5043150
1400,1226,45.5546365,-73.6125522,2022,296013,5046090
1401,1227,45.557568,-73.579191,2022,298618,5046410
1402,1228,45.5693391,-73.7047273,2022,288820,5047740
1403,1229,45.598335,-73.5459673,2022,301214,5050940
1404,1230,45.5333073,-73.6208224,2022,295363,5043720
1405,1231,45.5159697,-73.6082751,2022,296341,5041790
1406,1232,45.5548245,-73.5537028,2022,300607,5046100
1407,1233,45.5723781,-73.5937046,2022,297486,5048060
1408,1234,45.5839877,-73.6080933,2022,296365,5049350
1409,1235,45.5864765,-73.5703969,2022,299307,5049620
1410,1236,45.545026,-73.7378767,2022,286225,5045040
1411,1237,45.5995347,-73.6236025,2022,295157,5051080
1412,1238,45.6083582,-73.6385062,2022,293996,5052060
1413,1239,45.5877138,-73.6317182,2022,294522,5049760
1414,1240,45.5140122,-73.5659867,2022,299644,5041570
1415,1241,45.5529855,-73.6386477,2022,293975,5045910
1416,1242,45.5831978,-73.629787,2022,294672,5049260
1417,1243,45.5865659,-73.5293725,2022,302508,5049630
1418,1244,45.5925395,-73.6487482,2022,293194,5050300
1419,1245,45.5596973,-73.6014596,2022,296879,5046650
1420,1246,45.5068242,-73.681848,2022,290590,5040780
1421,1247,45.5128433,-73.6761242,2022,291039,5041450
1422,1248,45.5107698,-73.5649373,2022,299726,5041210
1423,1249,45.5803349,-73.6847187,2022,290385,5048950
1424,1250,45.5625118,-73.7437065,2022,285775,5046980
1425,1251,45.5574215,-73.7480604,2022,285434,5046420
1426,1252,45.6391233,-73.5961118,2022,297307,5055470
1427,1253,45.4464195,-73.6014273,2022,296866,5034060
1428,1254,45.5577499,-73.5838012,2022,298258,5046430
1429,1255,45.5650067,-73.7319054,2022,286697,5047260
1430,1256,45.5768333,-73.5464742,2022,301173,5048550
1431,1257,45.5712036,-73.7235188,2022,287354,5047950
1432,1258,45.5788972,-73.7049271,2022,288807,5048800
1433,1259,45.4444694,-73.6026478,2022,296770,5033840
1434,1260,45.5146906,-73.5599014,2022,300120,5041640
1435,1261,45.5436538,-73.5594206,2022,300160,5044860
1436,1262,45.4932782,-73.5782891,2022,298681,5039260
1437,1263,45.52766,-73.576124,2022,298854,5043090
1438,1264,45.4988464,-73.5546298,2022,300531,5039880
1439,1265,45.5137914,-73.5824025,2022,298362,5041540
1440,1266,45.5188484,-73.5559458,2022,300429,5042100
1441,1267,45.5161321,-73.5604969,2022,300074,5041800
1442,1268,45.5158684,-73.5600838,2022,300106,5041770
1443,1269,45.5668831,-73.5394382,2022,301722,5047440
1444,1270,45.530952,-73.581585,2022,298428,5043450
1445,1271,45.4953008,-73.6394939,2022,293898,5039500
1446,1272,45.5471031,-73.5489245,2022,300980,5045240
1447,1273,45.4851133,-73.5604384,2022,300075,5038360
1448,1274,45.4938326,-73.5791422,2022,298614,5039330
1449,1275,45.5022935,-73.5733064,2022,299071,5040270
1450,1276,45.5160139,-73.5629196,2022,299884,5041790
1451,1277,45.5612927,-73.5761133,2022,298858,5046820
1452,1278,45.5148664,-73.5847586,2022,298178,5041660
1453,1279,45.5076439,-73.569324,2022,299383,5040860
1454,1280,45.6313127,-73.616315,2022,295731,5054610
1455,1281,45.5064957,-73.556494,2022,300386,5040730
1456,1282,45.4962414,-73.6298387,2022,294652,5039600
1457,1283,45.480133,-73.5839313,2022,298238,5037800
1458,1284,45.4966367,-73.5761287,2022,298850,5039640
1459,1285,45.485974,-73.5728323,2022,299107,5038450
1460,1286,45.5110837,-73.5679775,2022,299489,5041240
1461,1287,45.5208024,-73.5757989,2022,298878,5042320
1462,1288,45.4928566,-73.5806543,2022,298496,5039220
1463,1289,45.5183846,-73.5563515,2022,300398,5042050
1464,1290,45.5234808,-73.5873276,2022,297978,5042620
1465,1291,45.4928904,-73.5776126,2022,298734,5039220
1466,1292,45.5754318,-73.6474305,2022,293294,5048400
1467,1293,45.5122121,-73.5546289,2022,300532,5041370
1468,1294,45.5345836,-73.5731596,2022,299086,5043850
1469,1295,45.5235502,-73.7138857,2022,288092,5042650
1470,1296,45.5188845,-73.5559385,2022,300430,5042110
