,day,is_member,start_station_code,index,Code,name,latitude,longitude,trip_per_day_2019
0,199,8107,9192,4000,4000.0,Jeanne-d'Arc / Ontario,45.54959767887176,-73.54187428951263,46.19095477386934
1,164,1152,1574,4001,4001.0,Graham / Brookfield,45.52007477080967,-73.6297756433487,9.597560975609756
2,196,2814,3762,4002,4002.0,Graham / Wicksteed,45.51693654712809,-73.64048302173615,19.193877551020407
3,180,476,682,5002,5002.0,St-Charles / Montarville,45.53368199320325,-73.51526074111462,3.7888888888888888
4,163,360,503,5003,5003.0,Place Longueuil,45.52841043752244,-73.51716578006744,3.085889570552147
5,175,411,591,5004,5004.0,St-Charles / Grant,45.539824,-73.508752,3.3771428571428572
6,146,386,589,5005,5005.0,St-Charles / St-Jean,45.53690747306937,-73.51191401481627,4.034246575342466
7,191,796,996,5006,5006.0,Collège Édouard-Montpetit (de Gentilly / de Normandie),45.53722603812578,-73.49506705999374,5.214659685863874
8,196,2337,3058,5007,5007.0,Métro Longueuil - Université de Sherbrooke,45.52331869398737,-73.52012693881989,15.60204081632653
9,199,7596,9816,6001,6001.0,Métro Champ-de-Mars (Viger / Sanguinet),45.51035067563653,-73.55650842189789,49.32663316582914
10,197,6235,7703,6002,6002.0,Ste-Catherine / Dezery,45.53938508196168,-73.54099988937377,39.101522842639596
11,199,9065,11206,6003,6003.0,Clark / Evans,45.51100666600306,-73.56760203838348,56.311557788944725
12,198,5598,7678,6004,6004.0,du Champ-de-Mars / Gosford,45.50965520472071,-73.55400860309601,38.77777777777778
13,194,10542,12575,6005,6005.0,Metcalfe / du Square-Dorchester,45.500208064155046,-73.57113786041737,64.81958762886597
14,199,5402,6240,6006,6006.0,18e avenue / Rosemont,45.55789545752947,-73.5765291005373,31.35678391959799
15,181,4508,5956,6007,6007.0,de l'Hôtel-de-Ville / Ste-Catherine,45.51166045593874,-73.56213569641113,32.9060773480663
16,199,7004,8799,6008,6008.0,Sanguinet / Ste-Catherine,45.51279685582333,-73.56146247242577,44.21608040201005
17,182,8976,12080,6009,6009.0,Crescent / de Maisonneuve,45.49811161443597,-73.57761539518833,66.37362637362638
18,198,9343,10414,6011,6011.0,St-André / St-Antoine,45.51411452790017,-73.55264469981194,52.5959595959596
19,199,19314,25100,6012,6012.0,Métro St-Laurent (de Maisonneuve / St-Laurent),45.51066,-73.56497,126.13065326633166
20,199,9258,11475,6013,6013.0,Sanguinet / de Maisonneuve,45.51340553558378,-73.56259435415267,57.663316582914575
21,199,8448,10358,6014,6014.0,St-Denis / René-Lévesque,45.51287121578035,-73.55846643447876,52.050251256281406
22,199,22331,27920,6015,6015.0,BAnQ (Berri / de Maisonneuve),45.515299,-73.561273,140.30150753768845
23,195,1803,2356,6016,6016.0,Jacques-Le Ber / de la Pointe Nord,45.472503,-73.539285,12.082051282051282
24,199,6872,8069,6017,6017.0,Atateken / du Square Amherst,45.52063377251984,-73.56390595436096,40.54773869346734
25,199,9050,10448,6018,6018.0,St-André / Ontario,45.51889,-73.56353,52.50251256281407
26,199,21149,24326,6019,6019.0,Métro Sherbrooke (de Rigaud / Berri),45.51799893773692,-73.56818407773972,122.24120603015075
27,186,9420,12198,6020,6020.0,Sanguinet / Ontario,45.51476724402057,-73.56549113988876,65.58064516129032
28,199,13339,15733,6021,6021.0,de l'Hôtel-de-Ville / Sherbrooke,45.5145646696576,-73.56840670108795,79.06030150753769
29,199,8149,9385,6022,6022.0,William-Tremblay / Molson,45.541719808901306,-73.56517732143402,47.1608040201005
30,199,13194,24504,6023,6023.0,de la Commune / Berri,45.51086,-73.54983,123.1356783919598
31,119,341,570,6024,6024.0,Bellerive / Duchesneau,45.60761595633475,-73.50982189178467,4.7899159663865545
32,198,3928,6488,6025,6025.0,Notre-Dame / St-Gabriel,45.50714391928411,-73.55511903762817,32.76767676767677
33,199,10709,29050,6026,6026.0,de la Commune / Place Jacques-Cartier,45.50761009451047,-73.55183601379395,145.97989949748742
34,199,16985,19874,6027,6027.0,de Maisonneuve / Mansfield (sud),45.502053864057466,-73.57346534729004,99.86934673366834
35,195,3666,4066,6029,6029.0,Bourget / St-Jacques,45.48084576334506,-73.58386158943176,20.851282051282052
36,194,3812,6117,6031,6031.0,de Maisonneuve / Robert-Bourassa,45.50426292830073,-73.57152342796326,31.530927835051546
37,199,6616,10649,6032,6032.0,Métro Place-d'Armes (Viger / St-Urbain),45.50623,-73.55976,53.51256281407035
38,198,2711,3116,6033,6033.0,16e avenue / Beaubien,45.55828063767652,-73.58315885066986,15.737373737373737
40,196,3379,4389,6035,6035.0,Viger / Chenneville,45.50531166520915,-73.56089115142822,22.392857142857142
41,199,12860,30293,6036,6036.0,de la Commune / St-Sulpice,45.50424245563397,-73.553469479084,152.22613065326632
42,199,6140,9422,6037,6037.0,St-Nicolas / Place d'Youville,45.501966859101564,-73.55515256524086,47.346733668341706
43,199,11570,14994,6038,6038.0,McGill / Place d'Youville,45.49975,-73.55566,75.34673366834171
44,199,9864,12647,6039,6039.0,McGill / des Récollets,45.500779,-73.558826,63.552763819095475
45,188,6992,9690,6040,6040.0,St-Jacques / St-Pierre,45.50278649802565,-73.55913430452347,51.54255319148936
46,192,8341,9850,6041,6041.0,St-Jacques / McGill,45.50144108135568,-73.56014415621758,51.302083333333336
47,199,11336,12674,6042,6042.0,de la Gauchetière / Robert-Bourassa,45.50060578095098,-73.56544822454453,63.688442211055275
48,199,22067,25212,6043,6043.0,Square Victoria (Viger / du Square-Victoria),45.50206,-73.56295,126.69346733668341
49,199,13232,15014,6044,6044.0,Roy / St-André,45.521564270906616,-73.57036739587784,75.44723618090453
50,199,15090,16838,6046,6046.0,Métro Bonaventure (de la Gauchetière / de la Cathédrale),45.49831217703312,-73.56725603342056,84.61306532663316
51,198,10606,12291,6047,6047.0,University / Prince-Arthur,45.507401678946415,-73.57844352722168,62.07575757575758
52,193,5890,6467,6048,6048.0,William / St-Henri,45.49891911390352,-73.55725407600403,33.50777202072539
53,196,12618,13829,6049,6049.0,Queen / Wellington,45.49760527699099,-73.55534970760345,70.5561224489796
54,184,5531,6436,6050,6050.0,St-Maurice / Robert-Bourassa,45.49857779102015,-73.56024205684662,34.97826086956522
55,199,5879,6532,6051,6051.0,de Gaspé / Marmier,45.529686,-73.601728,32.824120603015075
56,199,22646,36738,6052,6052.0,de la Commune / King,45.49751503379366,-73.55257093906403,184.61306532663318
57,199,20269,25395,6053,6053.0,du Président-Kennedy / Jeanne-Mance,45.50820461505136,-73.56881439685822,127.61306532663316
58,199,11320,12931,6057,6057.0,Peel / de la Gauchetiere,45.4977183451679,-73.5681800544262,64.97989949748744
59,199,9197,10886,6058,6058.0,Cypress / Peel,45.49932551028458,-73.57176750898361,54.7035175879397
60,198,9050,11065,6059,6059.0,de la Cathédrale / René-Lévesque,45.499191207076606,-73.56942057609558,55.88383838383838
61,198,4069,4826,6060,6060.0,Belmont / Robert-Bourassa,45.501366848348894,-73.56583714485167,24.373737373737374
62,139,6856,8539,6061,6061.0,Mansfield / Ste-Catherine,45.50139870932151,-73.57178628444672,61.431654676258994
63,199,8548,11002,6062,6062.0,Drummond / Ste-Catherine,45.49863930330429,-73.57422709465027,55.28643216080402
64,199,12751,15471,6063,6063.0,Drummond / de Maisonneuve,45.49947,-73.57591,77.74371859296483
65,199,23513,27396,6064,6064.0,Métro Peel (de Maisonneuve / Stanley),45.50038,-73.57507,137.66834170854273
66,192,7839,10226,6065,6065.0,de la Montagne / Sherbrooke,45.49974475043378,-73.57903361320496,53.260416666666664
67,198,4361,7084,6066,6066.0,McTavish / des Pins,45.50530549708951,-73.58100235462189,35.77777777777778
68,199,8451,9977,6067,6067.0,Porte-de-Québec / St-Hubert,45.51249475526989,-73.55087846517563,50.1356783919598
69,191,1670,2086,6068,6068.0,2e avenue / Jean-Rivard,45.56250903804892,-73.61656039953232,10.921465968586388
70,193,24313,28587,6070,6070.0,Milton / University,45.5064484,-73.57634872,148.11917098445596
71,199,9935,11399,6072,6072.0,Metcalfe / de Maisonneuve,45.50171494932855,-73.57413053512573,57.28140703517588
72,199,25006,28942,6073,6073.0,de Maisonneuve / Aylmer (ouest),45.50501,-73.57069,145.43718592964825
73,198,5017,6486,6075,6075.0,University / des Pins,45.50829509569767,-73.58064293861388,32.75757575757576
74,199,3235,3699,6076,6076.0,de Ville-Marie / Ste-Catherine,45.55792114867545,-73.52914720773697,18.587939698492463
75,139,5220,6675,6078,6078.0,St-Alexandre / Ste-Catherine,45.50538225593995,-73.56763422489166,48.02158273381295
76,199,10507,12515,6079,6079.0,Hutchison / Prince-Arthur,45.50975858607626,-73.57610732316971,62.88944723618091
77,195,18411,21712,6080,6080.0,Métro Vendôme (de Marlowe / de Maisonneuve),45.47393028235147,-73.60473453998564,111.34358974358975
78,178,5323,6710,6081,6081.0,Mackay / Ste-Catherine,45.49570931691902,-73.5769522190094,37.69662921348315
79,189,2960,3432,6082,6082.0,5e avenue / Rosemont,45.54990048023633,-73.58308374881744,18.158730158730158
80,199,16254,19242,6083,6083.0,Square Phillips,45.50373771539475,-73.56810629367828,96.69346733668341
81,199,6936,8682,6084,6084.0,Duke / Brennan,45.495581350533946,-73.55371087789534,43.62814070351759
82,199,11623,13807,6085,6085.0,Notre-Dame / Peel,45.4952,-73.56328,69.38190954773869
83,154,5208,7445,6086,6086.0,Basin / du Séminaire,45.49045242854756,-73.56017231941223,48.34415584415584
84,199,15509,17981,6087,6087.0,Notre-Dame / de la Montagne,45.49302901258371,-73.56481790542603,90.35678391959799
85,187,7920,9677,6088,6088.0,Richmond / Notre-Dame,45.4891601257399,-73.56777101755141,51.74866310160428
86,198,7579,8163,6089,6089.0,Henri-Julien / du Carmel,45.527839413108,-73.59482109546661,41.22727272727273
87,199,7499,8552,6090,6090.0,Métro Lucien-L'Allier  (Lucien l'Allier / Argyle),45.49487159597493,-73.57112377882004,42.97487437185929
88,199,7231,8605,6091,6091.0,Joseph-Manseau / René-Lévesque,45.49168652100804,-73.57676714658737,43.24120603015076
89,189,7679,10640,6092,6092.0,Crescent / Ste-Catherine,45.49709201687824,-73.57554942369461,56.2962962962963
90,199,5636,6839,6093,6093.0,Atwater / Sherbrooke,45.4912258547597,-73.58763009309769,34.36683417085427
91,199,6798,7653,6094,6094.0,de Gaspé / Fairmount,45.52564776553033,-73.5929274559021,38.45728643216081
92,199,17176,20162,6095,6095.0,Chomedey / de Maisonneuve,45.49180027678722,-73.58400642871855,101.31658291457286
93,199,5882,6714,6096,6096.0,Lucien L'Allier / St-Jacques,45.49356916133978,-73.56857568025589,33.73869346733668
94,199,10876,13265,6097,6097.0,Ste-Catherine / St-Marc,45.492897397177465,-73.58029425144196,66.65829145728644
95,199,6738,8470,6098,6098.0,Bishop / Ste-Catherine,45.49658329569871,-73.5765016078949,42.562814070351756
96,199,12659,17191,6099,6099.0,Ste-Catherine / Labelle,45.51506508398211,-73.55922952294348,86.38693467336684
97,178,29872,35529,6100,6100.0,Mackay / de Maisonneuve,45.49659,-73.57851,199.6011235955056
98,199,8033,9172,6101,6101.0,Métro Villa-Maria (Décarie / de Monkland),45.479483,-73.61979,46.09045226130653
99,185,4981,5664,6102,6102.0,Lincoln / du Fort,45.493034,-73.583836,30.616216216216216
100,183,2678,3056,6103,6103.0,du Havre / Hochelaga,45.535753085274585,-73.55794072151183,16.69945355191257
101,193,10077,11722,6104,6104.0,Wolfe / René-Lévesque,45.51681750463149,-73.5541883111,60.73575129533679
102,193,6972,7836,6105,6105.0,Plessis / René-Lévesque,45.51937252291976,-73.55195805430411,40.601036269430054
103,199,4003,5342,6106,6106.0,Papineau / René-Lévesque,45.52114,-73.54926,26.844221105527637
104,198,12299,15475,6107,6107.0,St-Mathieu / Ste-Catherine,45.49367956421703,-73.57914626598358,78.15656565656566
105,199,6596,7632,6108,6108.0,Logan / Fullum,45.52836601591233,-73.55117082595825,38.35175879396985
106,184,1088,4137,6109,6109.0,Quai de la navette fluviale,45.513741443172,-73.53838205337523,22.483695652173914
107,199,4925,5824,6110,6110.0,Poupart / Ste-Catherine,45.52900206660643,-73.54619935154915,29.266331658291456
108,198,6763,7731,6111,6111.0,Parthenais / Ste-Catherine,45.52600589494234,-73.54886412620544,39.04545454545455
109,199,13768,16519,6112,6112.0,Montcalm / de Maisonneuve,45.519139183741046,-73.55786561965942,83.01005025125629
110,186,6332,8003,6113,6113.0,Alexandre-DeSève / Ste-Catherine,45.52123044585842,-73.55386108160019,43.026881720430104
111,199,20930,25658,6114,6114.0,Métro Papineau (Cartier / Ste-Catherine),45.52353,-73.55199,128.93467336683418
112,198,2606,3144,6115,6115.0,Benny / de Monkland,45.46685123845205,-73.63162770867348,15.878787878787879
113,199,8988,10338,6116,6116.0,Plessis / Ontario,45.52349210923463,-73.56073021888733,51.949748743718594
114,122,5653,6759,6117,6117.0,de Maisonneuve / Aylmer (est),45.50526304478131,-73.57048004865646,55.40163934426229
115,199,11144,12859,6118,6118.0,de Champlain / Ontario,45.52510954917077,-73.56020584702492,64.61809045226131
116,199,12314,14699,6119,6119.0,Ontario / de Lorimier,45.52773089755533,-73.55753839015959,73.8643216080402
117,199,9845,11303,6120,6120.0,Métro Frontenac (Ontario / du Havre),45.53370598779895,-73.55217933654784,56.79899497487437
118,198,3830,4466,6121,6121.0,du Havre / de Rouen,45.53456256501449,-73.55478646466509,22.555555555555557
119,198,2977,3451,6122,6122.0,Logan / d'Iberville,45.53057,-73.54913,17.42929292929293
120,198,4165,4879,6123,6123.0,Alexandre-DeSève / la Fontaine,45.52327641182773,-73.55821833014488,24.641414141414142
121,199,5779,6993,6124,6124.0,Poupart / Ontario,45.53193889278052,-73.55343863368034,35.14070351758794
122,197,3299,4034,6125,6125.0,Ellendale / de la Côte-des-Neiges,45.499757,-73.629298,20.477157360406093
123,199,6629,7444,6126,6126.0,Fullum / de Rouen,45.53213680524969,-73.55871319770813,37.4070351758794
124,194,7249,8414,6127,6127.0,de Gaspé / Jean-Talon,45.536582447959766,-73.61622512340546,43.371134020618555
125,198,3209,3714,6128,6128.0,Hogan / Ontario,45.53529548038031,-73.55116009712219,18.757575757575758
126,199,9759,11245,6129,6129.0,de Bordeaux / Sherbrooke,45.52997069129102,-73.56305301189423,56.50753768844221
127,194,4329,4972,6130,6130.0,Sherbrooke / Frontenac,45.5367,-73.56081,25.628865979381445
128,199,12501,14649,6131,6131.0,Fullum / Sherbrooke,45.533924,-73.562425,73.61306532663316
129,198,8566,9756,6132,6132.0,Larivière / de Lorimier,45.5291345371163,-73.55923354625702,49.27272727272727
130,192,8059,9358,6133,6133.0,Chapleau / Terrasse Mercure,45.53673838509649,-73.56516659259796,48.739583333333336
131,199,6787,7722,6134,6134.0,Bercy / Rachel,45.53840340979245,-73.56196403503418,38.80402010050251
132,197,42704,46684,6136,6136.0,Métro Laurier (Rivard / Laurier),45.52761627,-73.5891147,236.9746192893401
133,198,14388,16465,6137,6137.0,Cartier / Gauthier,45.53034708827074,-73.56698781251907,83.15656565656566
134,199,11482,13037,6138,6138.0,Gauthier / de Lorimier,45.53167355364312,-73.56541335582732,65.51256281407035
135,199,7092,8085,6139,6139.0,Gauthier / Parthenais,45.53292625574653,-73.56377989053726,40.62814070351759
136,199,14428,16606,6140,6140.0,Marquette / Rachel,45.5298015824607,-73.5702896118164,83.44723618090453
137,179,7652,8891,6141,6141.0,des Érables / Rachel,45.53354753725336,-73.5668671131134,49.67039106145251
138,194,14493,18824,6142,6142.0,Calixa-Lavallée / Rachel,45.527794785525096,-73.57193917036057,97.03092783505154
139,199,15154,20264,6143,6143.0,Rachel / de Brébeuf,45.52689,-73.57264,101.82914572864321
140,199,8865,11548,6145,6145.0,du Parc-La Fontaine / Duluth,45.52451761488783,-73.57197672128677,58.030150753768844
141,199,9541,12333,6146,6146.0,du Parc-La Fontaine / Roy,45.52317047138824,-73.56901288032532,61.97487437185929
142,199,14597,17054,6147,6147.0,Calixa-Lavallée / Sherbrooke,45.52479,-73.56545,85.69849246231156
143,199,18437,21292,6148,6148.0,Émile-Duployé / Sherbrooke,45.52720058937288,-73.56472939252852,106.99497487437186
144,199,6942,7916,6149,6149.0,Chapleau / du Mont-Royal,45.53867,-73.56936,39.778894472361806
145,199,10541,11949,6150,6150.0,Messier / du Mont-Royal,45.53711414,-73.5710031,60.04522613065327
146,199,11704,13911,6151,6151.0,Parthenais / du Mont-Royal,45.53646917409483,-73.57146307826042,69.90452261306532
147,199,18526,21259,6152,6152.0,Chabot / du Mont-Royal,45.53418509490266,-73.57358872890472,106.82914572864321
148,195,8466,9465,6153,6153.0,Cartier / Marie-Anne,45.532674,-73.571776,48.53846153846154
149,199,25999,29245,6154,6154.0,Marquette / du Mont-Royal,45.53229,-73.57544,146.95979899497488
150,199,21292,23920,6155,6155.0,Garnier / du Mont-Royal,45.53092,-73.57674,120.20100502512562
151,199,11415,12870,6156,6156.0,Marie-Anne / de la Roche,45.52775814390426,-73.57618510723114,64.67336683417085
152,196,17387,21005,6157,6157.0,de Brébeuf / du Mont-Royal,45.52940777616881,-73.57815384864807,107.16836734693878
153,199,9787,11123,6158,6158.0,Gilford / de Brébeuf,45.53081622781595,-73.58162596821785,55.89447236180904
154,170,4077,4829,6159,6159.0,Ann / Wellington,45.49452705626516,-73.55675250291823,28.405882352941177
155,199,8440,9402,6160,6160.0,Garnier / St-Joseph,45.5329774553515,-73.58122229576111,47.246231155778894
156,199,7110,7974,6161,6161.0,Cartier / St-Joseph,45.53582823686429,-73.57869029045105,40.07035175879397
157,175,1506,1849,6162,6162.0,Legendre / Henri-Julien,45.54612387708119,-73.64664673805237,10.565714285714286
158,199,17121,19629,6163,6163.0,Marquette / Laurier,45.53543,-73.5822,98.63819095477388
159,196,13178,14898,6164,6164.0,de Lanaudière / Laurier,45.5333136054992,-73.58373686671257,76.01020408163265
160,199,19588,23390,6165,6165.0,Laurier / de Brébeuf,45.53251395631143,-73.58481109142303,117.53768844221105
161,199,12186,13603,6166,6166.0,Gerry-Boulet / St-Grégoire,45.5337352275406,-73.589306473732,68.35678391959799
162,198,6559,7334,6167,6167.0,Marquette / St-Grégoire,45.53703,-73.58584,37.04040404040404
163,199,9892,10983,6168,6168.0,Marmier / St-Denis,45.530871318676006,-73.59834551811218,55.19095477386934
164,199,22409,26818,6169,6169.0,Boyer / du Mont-Royal,45.527432126380575,-73.57991673052311,134.76381909547737
165,199,10612,12960,6170,6170.0,de Mentana / Laurier,45.53045006508681,-73.58763813972473,65.12562814070351
166,199,6127,7204,6171,6171.0,Wolfe / Robin,45.51958082831579,-73.5601159930229,36.20100502512563
167,190,15642,18270,6173,6173.0,Berri / Cherrier,45.51908844137639,-73.56950908899307,96.15789473684211
168,193,14627,17450,6174,6174.0,Roy / St-Denis,45.51908,-73.5727,90.41450777202073
169,199,14427,16262,6175,6175.0,St-Christophe / Cherrier,45.52027785033668,-73.5682162642479,81.71859296482413
170,199,12894,17258,6176,6176.0,de Mentana / Rachel,45.52496323980324,-73.57555881142616,86.72361809045226
171,199,11172,13545,6177,6177.0,St-Hubert / Duluth,45.52242565278864,-73.57418417930603,68.06532663316582
172,199,16910,20495,6178,6178.0,Rivard / Rachel,45.5222776,-73.5775906,102.98994974874371
173,190,10975,13376,6179,6179.0,Duluth / St-Denis,45.52060423232697,-73.57598394155502,70.4
174,199,7183,9708,6180,6180.0,St-Dominique / René-Lévesque,45.5094183667176,-73.56135785579681,48.78391959798995
175,198,17480,20964,6181,6181.0,Clark / Rachel,45.5173538,-73.58212888,105.87878787878788
176,199,9178,11346,6182,6182.0,de Bullion / du Mont-Royal,45.52175120848515,-73.58526840806007,57.015075376884425
177,199,12952,15529,6183,6183.0,Laval / du Mont-Royal,45.5223645775784,-73.58414590358734,78.03517587939699
178,199,36667,42827,6184,6184.0,Métro Mont-Royal (Rivard / du Mont-Royal),45.524673,-73.58255,215.2110552763819
179,177,3238,3594,6185,6185.0,des Érables / Bélanger,45.54912085535069,-73.60087350010872,20.305084745762713
180,174,10053,11377,6186,6186.0,St-Hubert / Laurier,45.52931012171625,-73.58865737915039,65.38505747126437
181,199,16944,20173,6187,6187.0,Resther / du Mont-Royal,45.52562819123256,-73.58177483081818,101.37185929648241
182,199,8175,9215,6188,6188.0,de Mentana / Marie-Anne,45.52602656522141,-73.57785880565643,46.30653266331658
183,196,3282,3862,6189,6189.0,Chabot / Everett,45.55072306022627,-73.60957056283951,19.70408163265306
184,199,17937,19639,6190,6190.0,Pontiac / Gilford,45.527009334270645,-73.58576595783234,98.68844221105527
185,199,9191,11339,6191,6191.0,St-Zotique / Clark,45.531401,-73.612674,56.97989949748744
186,180,6041,6600,6192,6192.0,Berri / St-Grégoire,45.52996959525513,-73.5919028520584,36.666666666666664
187,199,16394,19922,6193,6193.0,de l'Esplanade / Fairmount,45.521495,-73.596758,100.1105527638191
188,165,17933,21254,6194,6194.0,Métro Atwater (Atwater / Ste-Catherine),45.48947622882084,-73.58456566929817,128.8121212121212
189,199,12742,15012,6195,6195.0,de Bullion / St-Joseph,45.5240365462478,-73.59014332294464,75.43718592964824
190,199,17181,21037,6196,6196.0,Villeneuve / St-Laurent,45.52134173413233,-73.58941912651062,105.71356783919597
191,198,7814,8999,6197,6197.0,de Bordeaux / Masson,45.53898439552301,-73.5824453830719,45.44949494949495
192,198,3620,4187,6198,6198.0,Hélène-Baillargeon / St-Denis,45.52974,-73.59527,21.146464646464647
193,199,14512,17602,6199,6199.0,St-Viateur / St-Laurent,45.52593073022709,-73.59883904457092,88.45226130653266
194,199,13819,17372,6200,6200.0,Maguire / St-Laurent,45.52462848559264,-73.5958108305931,87.2964824120603
195,199,11770,13587,6201,6201.0,Villeneuve / de l'Hôtel-de-Ville,45.52354419830203,-73.58733236789703,68.27638190954774
196,199,16848,19551,6202,6202.0,Ste-Famille / Sherbrooke,45.51007154847701,-73.57075229287146,98.2462311557789
197,198,10808,13509,6203,6203.0,Aylmer / Sherbrooke,45.50658668914343,-73.57329905033112,68.22727272727273
198,199,14151,17356,6204,6204.0,Milton / Durocher,45.508140959417744,-73.57492983341217,87.21608040201005
199,199,13868,16821,6205,6205.0,Milton / du Parc,45.50936142835129,-73.57386365532875,84.52763819095478
200,199,20142,24015,6206,6206.0,Prince-Arthur / du Parc,45.51059,-73.57547,120.678391959799
201,199,6557,7870,6207,6207.0,Ste-Famille / des Pins,45.51283174510449,-73.57688784599304,39.54773869346734
202,199,9893,12023,6208,6208.0,Hutchison / des Pins,45.51069,-73.57805,60.41708542713568
203,199,17672,21523,6209,6209.0,Milton / Clark,45.51254135285248,-73.57067719101906,108.15577889447236
204,199,6102,6998,6210,6210.0,Métro Sauvé (Berri / Sauvé),45.55069206841976,-73.65636706352234,35.165829145728644
205,199,22276,28197,6211,6211.0,Roy / St-Laurent,45.515616239398405,-73.57580825686453,141.69346733668343
206,195,12340,15742,6212,6212.0,Duluth / de l'Esplanade,45.51509198406273,-73.58114182949066,80.72820512820513
207,199,17471,21394,6213,6213.0,Duluth / St-Laurent,45.51687640567004,-73.57946008443832,107.50753768844221
208,176,12585,15331,6214,6214.0,Square St-Louis (du Square St-Louis / Laval),45.516090801970655,-73.5701286792755,87.10795454545455
209,160,7059,8755,6215,6215.0,Metcalfe / St-Catherine,45.50083231626815,-73.57245951890945,54.71875
210,196,18249,27393,6216,6216.0,Parc Jeanne Mance (monument sir George-Etienne Cartier),45.51483985896893,-73.58477890491486,139.76020408163265
211,199,14504,17843,6217,6217.0,Vallières / St-Laurent,45.51896722332005,-73.5836161673069,89.66331658291458
212,199,9119,11101,6218,6218.0,Prince-Arthur / St-Urbain,45.51258740220925,-73.57373893260956,55.78391959798995
213,199,10420,11859,6219,6219.0,de l'Hôtel-de-Ville / Roy,45.51740076184449,-73.57460528612137,59.5929648241206
214,199,13949,16648,6220,6220.0,Laval / Duluth,45.519216236873945,-73.57718020677567,83.65829145728644
215,199,28965,34400,6221,6221.0,du Mont-Royal / Clark,45.51941,-73.58685,172.8643216080402
216,199,11827,14590,6222,6222.0,de l'Esplanade / du Mont-Royal,45.51825290855221,-73.5883381962776,73.31658291457286
217,196,14937,19992,6223,6223.0,du Mont-Royal / du Parc,45.517,-73.589,102.0
218,176,8978,11038,6224,6224.0,Villeneuve / du Parc,45.51829,-73.59235,62.71590909090909
219,198,10180,12605,6225,6225.0,Villeneuve / St-Urbain,45.520188,-73.590559,63.66161616161616
220,198,3854,4178,6226,6226.0,Hôpital Maisonneuve-Rosemont (Rosemont / Chatelain),45.575707,-73.561562,21.1010101010101
221,199,20312,25121,6227,6227.0,de l'Esplanade / Laurier,45.52103885732127,-73.59490692615509,126.23618090452261
222,199,4468,5464,6228,6228.0,Waverly / Van Horne,45.527363,-73.607723,27.457286432160803
223,199,10449,12091,6229,6229.0,Coloniale / du Mont-Royal,45.5211613236904,-73.5856157541275,60.75879396984924
224,199,13163,16562,6230,6230.0,Waverly / St-Viateur,45.5238561444472,-73.60012650489807,83.22613065326634
225,199,15850,20020,6231,6231.0,Jeanne-Mance / St-Viateur,45.523026476635074,-73.60184043645859,100.60301507537689
226,168,4373,5485,6232,6232.0,Durocher / Van Horne,45.524265806034656,-73.61127376556396,32.648809523809526
227,199,16012,20654,6233,6233.0,Bernard / Jeanne-Mance,45.5242864769531,-73.60497325658798,103.78894472361809
228,199,9343,11961,6234,6234.0,de l'Arcade / Clark,45.527410360532215,-73.60393524169922,60.10552763819096
229,199,10701,11934,6235,6235.0,St-Dominique / St-Viateur,45.52655700191558,-73.5982757806778,59.969849246231156
230,199,10612,12283,6236,6236.0,Laurier / de Bordeaux,45.5376492623372,-73.57978463172913,61.72361809045226
231,199,9134,10160,6237,6237.0,Gilford / de Lanaudière,45.53200800170645,-73.58044445514679,51.05527638190955
232,198,2997,3692,6240,6240.0,Parc Kent (de Kent / Hudson),45.5057209331225,-73.62945914268494,18.646464646464647
233,199,6615,7965,6241,6241.0,Querbes / Laurier,45.51753998795678,-73.59783187508583,40.02512562814071
234,199,10040,11864,6243,6243.0,Bloomfield / Bernard,45.52068774,-73.6084279,59.618090452261306
235,199,6246,7474,6245,6245.0,Bloomfield / Van Horne,45.5225858,-73.61265779,37.55778894472362
236,199,8805,10258,6246,6246.0,Métro Outremont (Wiseman / Van Horne),45.52027053865367,-73.61484915018082,51.54773869346734
237,190,16190,19237,6247,6247.0,St-Dominique / St-Zotique,45.53226461018495,-73.6110632121563,101.24736842105263
238,199,22120,26723,6248,6248.0,St-Dominique / Rachel,45.518593,-73.581566,134.28643216080403
239,199,9443,11443,6249,6249.0,Bélanger / St-Denis,45.53696,-73.61199,57.50251256281407
240,199,12947,17117,6250,6250.0,Marché Jean-Talon (Henri-Julien / Jean-Talon),45.53678525128436,-73.6148879583925,86.01507537688443
241,199,3744,4597,6251,6251.0,Dante / de Gaspé,45.53441493337628,-73.6123164743185,23.100502512562816
242,199,7949,9621,6252,6252.0,Mozart / St-Laurent,45.53318,-73.61544,48.346733668341706
243,177,8337,9502,6253,6253.0,Métro Jean-Talon (de Chateaubriand / Jean-Talon),45.540138286478616,-73.61402839422226,53.68361581920904
244,199,10808,12583,6254,6254.0,Boyer / Bélanger,45.54006,-73.60897,63.231155778894475
245,199,13228,15210,6255,6255.0,Boyer / St-Zotique,45.53848,-73.60556,76.4321608040201
246,199,6394,7569,6257,6257.0,de St-Vallier / St-Zotique,45.53626117851967,-73.60754549503326,38.03517587939699
247,199,12523,14640,6258,6258.0,Parc Père-Marquette (Chambord / Rosemont),45.53708783301333,-73.59321847558022,73.5678391959799
248,199,5999,7169,6259,6259.0,Dandurand / de Lorimier,45.540881,-73.584157,36.02512562814071
249,199,7271,8755,6260,6260.0,Cartier / Dandurand,45.53923559055867,-73.58594566583633,43.994974874371856
250,199,7124,8364,6261,6261.0,Louis-Hémon / Rosemont,45.54459855947176,-73.58822286128998,42.030150753768844
251,199,7212,8481,6262,6262.0,de la Roche /  de Bellechasse,45.53715922533132,-73.59747648239136,42.618090452261306
252,199,3356,3822,6263,6263.0,de Hampton / de Monkland,45.47117930747152,-73.6270022392273,19.20603015075377
253,158,3626,4148,6264,6264.0,Chabot / de Bellechasse,45.5425697477813,-73.59214425086974,26.253164556962027
254,199,8450,9367,6265,6265.0,Parthenais / Laurier,45.539258526059406,-73.5774591565132,47.07035175879397
255,157,2840,3197,6266,6266.0,Louis-Hébert / de Bellechasse,45.546661109634606,-73.58868420124054,20.363057324840764
256,199,7605,8828,6267,6267.0,Chabot / Beaubien,45.54437554639807,-73.59564453363419,44.36180904522613
257,199,8700,10000,6268,6268.0,Chambord / Beaubien,45.539932183126695,-73.59934329986572,50.25125628140704
258,192,3648,4109,6269,6269.0,Wurtele / de Rouen,45.5376278134876,-73.5533943772316,21.401041666666668
259,190,5705,6417,6270,6270.0,Fabre / St-Zotique,45.54345172630376,-73.60101029276848,33.77368421052632
260,107,167,283,6271,6271.0,St-Jean-Baptiste / Notre-Dame,45.640002860465096,-73.49011301994324,2.6448598130841123
261,198,4786,5468,6272,6272.0,de Bordeaux / St-Zotique,45.546539011777845,-73.59866470098495,27.616161616161616
262,199,5265,5862,6273,6273.0,Cartier / Bélanger,45.546797412794085,-73.60266387462616,29.457286432160803
263,199,6691,7595,6274,6274.0,de la Roche / St-Joseph,45.531164,-73.583695,38.165829145728644
264,199,4819,5477,6275,6275.0,Chambord / Jean-Talon,45.54484558108033,-73.61053615808486,27.522613065326635
265,198,6245,7282,6276,6276.0,de la Roche / Bélanger,45.54166959576632,-73.60760450363159,36.77777777777778
266,199,8935,10354,6277,6277.0,Louis-Hébert / Beaubien,45.5481863712796,-73.592010140419,52.030150753768844
267,199,3785,4209,6278,6278.0,Louis-Hébert / St-Zotique,45.55001,-73.59576,21.150753768844222
268,180,2906,3220,6279,6279.0,Louis-Hébert / Bélanger,45.55158518908433,-73.59916493296623,17.88888888888889
269,194,11583,13995,6280,6280.0,Casgrain / Laurier,45.52437479806464,-73.5918103158474,72.13917525773196
270,181,4283,4917,6281,6281.0,Resther / St-Joseph,45.52769780849099,-73.58625277876854,27.165745856353592
271,198,3365,4099,6301,6301.0,Parc Outremont (Bloomfield / Elmwood),45.518309446368,-73.60328614711761,20.7020202020202
272,199,2602,3338,6302,6302.0,Stuart / St-Viateur,45.516078703024085,-73.60779762268066,16.77386934673367
273,198,2606,3335,6303,6303.0,Pratt / Van Horne,45.51414486304299,-73.6203020811081,16.843434343434343
274,198,1734,2124,6304,6304.0,Rockland / Lajoie,45.515617,-73.614991,10.727272727272727
275,199,2965,3635,6305,6305.0,Davaar / de la Côte-Ste-Catherine,45.514379,-73.610871,18.266331658291456
276,199,7931,9346,6306,6306.0,Métro Édouard-Montpetit (du Mont-Royal / Vincent-d'Indy),45.510086,-73.611429,46.96482412060301
277,199,11604,13745,6307,6307.0,Laval / Rachel,45.52017845247635,-73.57942387461662,69.07035175879398
278,199,3916,4456,6309,6309.0,4e avenue / de Verdun,45.4568844514464,-73.57260704040527,22.391959798994975
279,199,9275,10981,6310,6310.0,de Soissons / de Darlington,45.50687644639119,-73.62359181046486,55.18090452261306
280,199,6356,7353,6311,6311.0,Drolet / St-Zotique,45.53488214147823,-73.60941231250763,36.949748743718594
281,199,2962,3894,6312,6312.0,de Kent / de la Côte-des-Neiges,45.50144933057703,-73.63305062055588,19.5678391959799
282,198,6688,8724,6313,6313.0,Palm / St-Remi,45.470303,-73.589848,44.06060606060606
283,199,9436,10499,6314,6314.0,de Lanaudière / Marie-Anne,45.52932643090091,-73.57480645179749,52.75879396984924
284,199,10447,13365,6315,6315.0,Métro Côte-des-Neiges (Jean-Brillant / de la Côte-des-Neiges),45.49626477461565,-73.62154394388199,67.1608040201005
285,199,5624,7766,6316,6316.0,Swail / Decelles,45.49705494399436,-73.61865252256392,39.02512562814071
286,199,13151,16137,6321,6321.0,Gary-Carter / St-Laurent,45.53589982664126,-73.62244248390198,81.09045226130654
287,199,4529,5178,6322,6322.0,St-Dominique / Gounod,45.53873794947064,-73.62802147865295,26.020100502512562
288,189,2169,2462,6323,6323.0,Guizot / St-Laurent,45.53966322230556,-73.63447487354279,13.026455026455027
289,199,3779,4299,6324,6324.0,de Liège / Lajeunesse,45.54560354555274,-73.63474041223526,21.603015075376884
290,196,5591,6445,6327,6327.0,Drolet / Faillon,45.53926979810152,-73.6208787560463,32.88265306122449
291,199,5957,6916,6328,6328.0,De Gaspé / Villeray,45.53893805473212,-73.62429320812224,34.753768844221106
292,195,4350,4854,6329,6329.0,Drolet / Gounod,45.54095134225734,-73.62637460231781,24.892307692307693
293,198,3845,4454,6330,6330.0,de Gaspé / Jarry,45.540780049798,-73.63040059804916,22.494949494949495
294,199,3410,3890,6331,6331.0,Guizot / St-Denis,45.543423548290185,-73.63246187567711,19.547738693467338
295,198,4841,5503,6332,6332.0,de Gaspé / de Liège,45.54248521237199,-73.63634169101715,27.792929292929294
296,199,3213,3623,6333,6333.0,Leman / de Chateaubriand,45.547218,-73.631103,18.20603015075377
297,199,10733,11781,6334,6334.0,Métro Jarry (Lajeunesse / Jarry),45.54371190262865,-73.62828433513641,59.20100502512563
298,173,4836,5463,6335,6335.0,du Rosaire / St-Hubert,45.54481928225348,-73.6215104162693,31.578034682080926
299,199,4906,5446,6336,6336.0,Faillon / St-Hubert,45.54297175887712,-73.61793905496597,27.366834170854272
300,196,4527,5306,6338,6338.0,de Chateaubriand / Jarry,45.54595481682399,-73.62699151039122,27.071428571428573
301,189,3892,4476,6339,6339.0,Harvard / de Monkland,45.474565185029945,-73.62403571605682,23.682539682539684
302,197,4670,5194,6340,6340.0,de la Roche / Everett,45.544867,-73.614841,26.365482233502537
303,185,4949,5541,6341,6341.0,Regina / de Verdun,45.467369,-73.570769,29.951351351351352
304,199,5892,6456,6343,6343.0,Marquette / Villeray,45.55068361610596,-73.61529305577278,32.44221105527638
305,142,4731,5659,6344,6344.0,St-Dominique / Jean-Talon,45.53524809921431,-73.61756354570389,39.852112676056336
306,199,2489,3024,6345,6345.0,Louis-Hémon / Villeray,45.55496126357668,-73.61073732376097,15.195979899497488
307,185,3007,3380,6346,6346.0,Nicolet / Sherbrooke,45.54969542033443,-73.55464696884155,18.27027027027027
308,199,3778,4444,6347,6347.0,Métro St-Michel (Shaughnessy / St-Michel),45.559199,-73.599658,22.331658291457288
309,199,4790,5552,6349,6349.0,Ryde / Charlevoix,45.4757434,-73.5646007,27.899497487437184
310,199,5709,6942,6350,6350.0,Island / Centre,45.48149081388884,-73.56475353240967,34.88442211055276
311,198,4767,5918,6354,6354.0,Marcil / Sherbrooke,45.471743,-73.613924,29.88888888888889
312,199,4610,5212,6355,6355.0,Ontario / Sicard,45.55626186680846,-73.53744059801102,26.190954773869347
313,199,5148,6044,6356,6356.0,de Monkland / Girouard,45.47710675189806,-73.6214379966259,30.371859296482413
314,185,2989,3445,6357,6357.0,13e avenue / St-Zotique,45.557487317400046,-73.5887485742569,18.62162162162162
315,199,3660,4292,6358,6358.0,1ère  avenue / St-Zotique,45.551937362101,-73.59392791986465,21.5678391959799
316,199,11894,16447,6359,6359.0,Ste-Catherine / St-Laurent,45.50981336049594,-73.5638952255249,82.64824120603015
317,198,4753,5538,6360,6360.0,8e avenue / Beaubien,45.553215,-73.58752,27.96969696969697
318,199,6618,7724,6361,6361.0,Molson / Beaubien,45.54968589617967,-73.59115451574326,38.814070351758794
319,199,5379,6371,6362,6362.0,1ère avenue / Rosemont,45.54779995287998,-73.58486741781235,32.015075376884425
320,199,3453,3994,6363,6363.0,de la Côte St-Antoine / Royal,45.46892698487744,-73.6198702454567,20.07035175879397
321,199,6541,7770,6364,6364.0,de Chambly / Rachel,45.54991069359101,-73.55826258659361,39.04522613065327
322,199,3942,5087,6366,6366.0,Wilderton  / Van Horne,45.51014162409143,-73.6247518658638,25.56281407035176
323,166,3127,3494,6367,6367.0,3e avenue / Dandurand,45.54729491851639,-73.57899874448776,21.048192771084338
324,199,9237,11118,6368,6368.0,10e avenue / Masson,45.55030553030546,-73.57335269451141,55.869346733668344
325,199,4339,5675,6369,6369.0,U. Concordia - Campus Loyola (Sherbrooke / West Broadway),45.45750908083069,-73.6394852399826,28.517587939698494
326,199,5527,6315,6370,6370.0,d'Orléans / Masson,45.557192,-73.569847,31.733668341708544
327,199,10185,12361,6371,6371.0,4e avenue / Masson,45.546978,-73.575515,62.11557788944724
328,199,11960,14351,6372,6372.0,1ère avenue / Masson,45.5451997,-73.57645065,72.11557788944724
329,199,5890,6715,6373,6373.0,7e avenue / St-Joseph Rosemont,45.547226645250745,-73.56986984610558,33.743718592964825
330,199,6420,7265,6374,6374.0,15e avenue / Masson,45.55389801568004,-73.5713866353035,36.50753768844221
331,199,8919,10471,6375,6375.0,Métro Place St-Henri (St-Ferdinand / St-Jacques),45.477249,-73.587238,52.618090452261306
332,179,3567,4133,6376,6376.0,de Chambly / St-Joseph,45.552842358447656,-73.56529533863068,23.089385474860336
333,198,5732,6302,6377,6377.0,Grand Trunk / Hibernia,45.47968,-73.56385,31.828282828282827
334,199,4437,4936,6379,6379.0,de l'Église / Bannantyne,45.4632535358533,-73.57587933540344,24.804020100502512
335,199,4027,4556,6380,6380.0,Parc J.-Arthur-Champagne (de Chambly / du Mont-Royal),45.551584,-73.561916,22.894472361809044
336,196,8701,9823,6381,6381.0,Omer-Lavallée / du Midway,45.5457759528664,-73.56217458844185,50.11734693877551
337,199,4662,5528,6383,6383.0,Bourbonnière / du Mont-Royal,45.55357073967113,-73.56049418449402,27.77889447236181
338,198,3567,3964,6384,6384.0,Darling / Sherbrooke,45.54545890380305,-73.55666935443878,20.02020202020202
339,199,8023,9068,6385,6385.0,de Bordeaux / Gilford,45.53611005443118,-73.5762870311737,45.5678391959799
340,199,8655,10009,6386,6386.0,Métro Préfontaine (Moreau / Hochelaga),45.54178033474308,-73.55571448802948,50.2964824120603
341,199,10501,11843,6387,6387.0,Métro Joliette  (Joliette / Hochelaga),45.54690718297082,-73.5515570640564,59.51256281407035
342,192,3557,4008,6388,6388.0,d'Orléans / Hochelaga,45.55076798270114,-73.54942739009857,20.875
343,199,7744,8857,6389,6389.0,Boyer / Jean-Talon,45.54158631132448,-73.61248075962067,44.50753768844221
344,199,8926,10132,6391,6391.0,Aylwin / Ontario,45.54428417385149,-73.54533970355988,50.914572864321606
345,199,8979,10266,6393,6393.0,Dézéry / Ontario,45.54111008519643,-73.54754984378815,51.58793969849246
346,199,10276,11653,6394,6394.0,Valois / Ontario,45.54740496161695,-73.54467451572418,58.55778894472362
347,190,9428,11565,6395,6395.0,Métro Viau (Pierre-de-Coubertin / Viau),45.561782815423854,-73.54661107063293,60.86842105263158
348,199,13345,16395,6396,6396.0,Métro Pie-IX (Pierre-de-Coubertin / Pie-IX),45.55421375524564,-73.55155974626541,82.38693467336684
349,198,6916,7922,6397,6397.0,Marché Maisonneuve,45.55321884238814,-73.53978216648102,40.01010101010101
350,196,4971,5623,6398,6398.0,Desjardins / Ontario,45.5511918874866,-73.54087248444557,28.68877551020408
351,199,8477,10168,6401,6401.0,des Seigneurs / Notre-Dame,45.48772278774177,-73.5690826177597,51.095477386934675
352,198,6184,8229,6402,6402.0,Ste-Émilie / Sir-Georges-Etienne-Cartier,45.47266800851548,-73.585389778018,41.56060606060606
353,199,3809,4790,6403,6403.0,Georges-Vanier / Notre-Dame,45.48504797982277,-73.5719633102417,24.07035175879397
354,198,2270,2753,6404,6404.0,Quesnel / Vinet,45.485889,-73.577514,13.904040404040405
355,199,6536,8441,6405,6405.0,Duvernay / Charlevoix,45.4820980397155,-73.57487618923187,42.41708542713568
356,199,12594,23868,6406,6406.0,Marché Atwater,45.48020822800015,-73.57759863138199,119.93969849246231
357,184,2266,2842,6407,6407.0,Charlevoix / Lionel-Groulx,45.48392802,-73.57731164,15.445652173913043
358,194,7222,7852,6408,6408.0,Métro Georges-Vanier (St-Antoine / Canning),45.4891,-73.57656,40.47422680412371
359,184,2474,2861,6409,6409.0,Lionel-Groulx / George-Vanier,45.48621939184824,-73.5737469792366,15.548913043478262
360,199,6609,7308,6410,6410.0,Métro Crémazie (Crémazie / Lajeunesse),45.54640752148169,-73.63842844963074,36.72361809045226
361,199,18542,23128,6411,6411.0,Clark / Prince-Arthur,45.5133025720765,-73.57296109199524,116.22110552763819
362,198,3481,4001,6412,6412.0,Complexe sportif Claude-Robillard,45.553262,-73.638615,20.207070707070706
363,199,3730,4449,6413,6413.0,Union / Cathcart,45.50355184389659,-73.56875538825989,22.35678391959799
364,198,2793,3362,6414,6414.0,Parc St-Henri (Laporte / Guay),45.48013378575666,-73.58590811491013,16.97979797979798
365,199,3334,3949,6415,6415.0,de Melrose / Sherbrooke,45.46981978744856,-73.61696138978003,19.844221105527637
366,199,3209,3795,6416,6416.0,Notre-Dame-de-Grâce / Décarie,45.47735333523628,-73.61537218093872,19.07035175879397
367,194,3844,4303,6417,6417.0,de la Salle / Hochelaga,45.55415230370231,-73.54749351739883,22.18041237113402
368,171,886,1319,6418,6418.0,Paré / Mountain Sights,45.49810026070624,-73.65294188261032,7.713450292397661
369,197,1518,1978,6419,6419.0,Beaucourt / de la Côte-Ste-Catherine,45.491513,-73.633649,10.040609137055837
370,198,3641,4605,6420,6420.0,Métro Snowdon (de Westbury / Queen-Mary),45.48538473242346,-73.62814217805862,23.257575757575758
371,199,6307,7306,6421,6421.0,Cartier / Rosemont,45.54124722370603,-73.59104454517365,36.71356783919598
372,198,1824,2248,6422,6422.0,Fleury / Lajeunesse,45.55357892880519,-73.66208285093306,11.353535353535353
373,199,2792,3343,6423,6423.0,Hôpital général juif (de la Côte Ste-Catherine / Légaré),45.496302,-73.629822,16.798994974874372
374,198,5111,6389,6424,6424.0,Square Chaboillez (St-Jacques / de la Cathédrale),45.49656303562923,-73.56491714715958,32.26767676767677
375,198,5462,7057,6425,6425.0,Métro de l'Église (Ross / de l'Église),45.462846046287325,-73.56592163443565,35.64141414141414
376,199,10184,11373,6426,6426.0,Métro Verdun (Willibrord / de Verdun),45.459487694540734,-73.57209205627441,57.15075376884422
377,199,8780,10422,6427,6427.0,Métro Lasalle (de Rushbrooke / Caisse),45.47069642604657,-73.56542240828276,52.37185929648241
378,197,2248,2925,6428,6428.0,Berlioz / de l'Île des Soeurs,45.45998577640931,-73.54395568370819,14.847715736040609
379,198,4641,5803,6429,6429.0,Place du Commerce,45.46714,-73.54259,29.30808080808081
380,199,11405,13861,6432,6432.0,de Maisonneuve / Greene,45.48697062,-73.58929306,69.65326633165829
381,199,4722,5482,6433,6433.0,Hillside / Ste-Catherine,45.48282602624293,-73.59084337949753,27.547738693467338
382,199,9401,11349,6434,6434.0,Victoria / de Maisonneuve,45.47742856483265,-73.60016942024231,57.030150753768844
383,199,5543,7047,6435,6435.0,Victoria Hall,45.48129146961133,-73.6003303527832,35.41206030150754
384,197,3182,4054,6436,6436.0,Argyle / Sherbrooke,45.48580087370364,-73.5957974300254,20.578680203045685
385,192,5393,18712,6501,6501.0,Metro Jean-Drapeau (Chemin Macdonald),45.512800575819625,-73.5311159491539,97.45833333333333
386,198,1649,4476,6502,6502.0,Casino de Montréal,45.5063732,-73.52457672,22.606060606060606
387,199,8846,10168,6503,6503.0,Métro Parc  (Ogilvy / Hutchison),45.53035130173597,-73.6243924498558,51.095477386934675
388,190,1546,4190,6504,6504.0,La Ronde,45.52156536710626,-73.53533238172531,22.05263157894737
389,198,3288,3914,6700,6700.0,de la Salle / Ste-Catherine,45.54996328646854,-73.53443384170531,19.767676767676768
390,199,8753,11151,6701,6701.0,Stanley / Sherbrooke,45.50104110864491,-73.57717752456664,56.03517587939699
391,186,2238,2706,6702,6702.0,Métro Assomption (Chauveau / de l'Assomption),45.569789,-73.548081,14.548387096774194
392,196,5973,9819,6703,6703.0,Jardin Botanique (Pie-IX / Sherbrooke),45.55500446099039,-73.55535507202148,50.0969387755102
393,198,4265,4877,6704,6704.0,19e avenue / St-Zotique,45.561594,-73.585643,24.63131313131313
394,198,2553,2917,6705,6705.0,5e avenue / Bannantyne,45.456365,-73.57614,14.732323232323232
395,199,3326,3791,6706,6706.0,Beatty / de Verdun,45.450729976972944,-73.5725748538971,19.050251256281406
396,199,4070,4658,6707,6707.0,Métro Jolicoeur (Drake / de Sève),45.45608545783109,-73.58193710446358,23.407035175879397
398,199,4033,4801,6709,6709.0,Le Caron / Marc-Sauvalle ,45.461685,-73.584039,24.12562814070352
399,198,2176,2597,6710,6710.0,Chambord / Fleury,45.55982811984724,-73.65832507610321,13.116161616161616
400,196,2986,3561,6711,6711.0,Alexandra / Waverly,45.531938,-73.617842,18.168367346938776
401,196,2166,3342,6712,6712.0,LaSalle / Crawford,45.43791380065227,-73.58274042606354,17.051020408163264
402,171,1964,2367,6713,6713.0,29e avenue / St-Zotique,45.56776565172907,-73.57968807220459,13.842105263157896
403,183,712,1531,6714,6714.0,LaSalle / 90e avenue,45.417147421132526,-73.64422470331192,8.366120218579235
404,192,2906,4143,6715,6715.0,Natatorium (LaSalle / Rolland),45.44454701497536,-73.57509076595306,21.578125
405,196,1367,1656,6716,6716.0,Francis / Fleury,45.56387237463668,-73.6555677652359,8.448979591836734
406,197,1512,1884,6717,6717.0,de Kent / Victoria,45.49456403292622,-73.63870203495026,9.563451776649746
407,195,3554,4262,6718,6718.0,Grand Boulevard / Sherbrooke,45.466569,-73.623295,21.856410256410257
408,199,2947,3715,6719,6719.0,Park Row O / Sherbrooke,45.46072936353252,-73.63407254219055,18.668341708542712
409,199,4347,4837,6720,6720.0,Ontario / Viau,45.5594818,-73.535496,24.306532663316585
410,190,2417,2958,6721,6721.0,Métro Cadillac (de Cadillac / Sherbrooke),45.5769632283486,-73.54683637619019,15.56842105263158
411,199,1804,2195,6722,6722.0,du Quesne / Pierre-de-Coubertin,45.57498439946887,-73.53884875774384,11.030150753768844
412,199,2884,3407,6723,6723.0,26e avenue / Beaubien,45.564944,-73.577639,17.12060301507538
413,198,6684,10544,6724,6724.0,Léa-Roback / Sir-Georges-Etienne-Cartier,45.47166862589184,-73.582643866539,53.25252525252525
414,199,4636,5424,6725,6725.0,Métro Monk (Allard / Beaulieu),45.45085122,-73.5940272,27.256281407035175
415,194,1488,1817,6726,6726.0,Hamel / Sauvé,45.56076192837154,-73.6505614221096,9.3659793814433
416,199,11153,12952,6727,6727.0,de la Sucrerie / Centre,45.48408128505464,-73.56091797351837,65.08542713567839
417,198,2332,2762,6728,6728.0,d'Outremont / Ogilvy,45.52687028194893,-73.62672328948975,13.94949494949495
418,199,18121,22029,6729,6729.0,St-André / Ste-Catherine,45.516426545782224,-73.5581123828888,110.69849246231156
419,195,1952,2447,6730,6730.0,35e avenue / Beaubien,45.570081,-73.573047,12.548717948717949
420,196,2323,3006,6731,6731.0,28e avenue / Rosemont,45.564353,-73.571244,15.33673469387755
421,199,4686,5592,6732,6732.0,Fortune / Wellington,45.477923,-73.559038,28.100502512562816
422,199,4670,5448,6733,6733.0,Villeray / de Normanville,45.547172039327485,-73.6185210943222,27.376884422110553
423,197,7101,7979,6734,6734.0,Lajeunesse / Villeray,45.54211889,-73.6225471,40.50253807106599
424,178,1342,1665,6735,6735.0,Villeray / St-Michel,45.56105928295798,-73.6039674282074,9.353932584269662
425,193,2243,2854,6736,6736.0,Métro Henri-Bourassa (Henri-Bourassa / Millen),45.55675103297278,-73.66716161370277,14.787564766839377
426,199,2866,3483,6737,6737.0,Jacques-Casault / Christophe-Colomb,45.552123,-73.630103,17.502512562814072
427,195,10585,11940,6738,6738.0,Union / René-Lévesque,45.50235036136798,-73.56658279895781,61.23076923076923
428,197,1156,1295,6739,6739.0,Pierre-de-Coubertin / Langelier,45.580314546424674,-73.5353136062622,6.573604060913706
429,198,2323,2927,6741,6741.0,Canning / Notre-Dame,45.48631864401023,-73.5702332854271,14.782828282828282
430,197,6735,9146,6742,6742.0,St-Patrick / Briand,45.46339729163665,-73.59643578529356,46.4263959390863
431,176,3802,4510,6743,6743.0,St-Marc / Sherbrooke,45.494514,-73.583368,25.625
432,197,3277,3889,6744,6744.0,Hamilton / Jolicoeur,45.456355,-73.597557,19.741116751269036
433,198,3083,3774,6745,6745.0,de l'Épée / Jean-Talon,45.52797966680089,-73.62388283014297,19.060606060606062
434,197,2652,3217,6746,6746.0,Métro Acadie (de l'Acadie / Beaumont),45.52357479400008,-73.62344294786453,16.32994923857868
435,198,6382,7347,6747,6747.0,Waverly / St-Zotique,45.53050525974957,-73.61470833420753,37.10606060606061
436,199,10152,12307,6748,6748.0,Young / Wellington,45.49282530947313,-73.55797827243805,61.84422110552764
437,199,5525,8078,6749,6749.0,St-Jacques / St-Laurent,45.50642115207643,-73.55646550655365,40.5929648241206
438,190,7033,7793,6750,6750.0,de Mentana / Gilford,45.52872356043453,-73.58385890722275,41.01578947368421
439,151,2700,3208,6752,6752.0,Hutchison / Beaubien,45.52605851018324,-73.61296892166138,21.24503311258278
440,199,2685,3141,6753,6753.0,Centre ÉPIC (St-Zotique / 40e avenue),45.57414703721992,-73.57462137937546,15.78391959798995
441,198,2570,2995,6754,6754.0,Eadie / Dubois,45.45759682462104,-73.59052859581423,15.126262626262626
442,199,5967,7989,6901,6901.0,Gare d'autocars de Montréal (Berri / Ontario),45.51689676614314,-73.5639488697052,40.14572864321608
443,188,10372,11797,6902,6902.0,Montcalm / Ontario,45.521081043206834,-73.56227517127991,62.75
444,199,14514,17512,6903,6903.0,St-Dominique / Napoléon,45.51666442219882,-73.57722043991089,88.0
445,198,6051,6747,6904,6904.0,Fabre / Beaubien,45.5420595590383,-73.59787344932556,34.07575757575758
446,199,5690,6718,6905,6905.0,Parc Rosemont (Dandurand / d'Iberville),45.544377,-73.581018,33.75879396984924
447,199,20130,22746,6906,6906.0,Métro Rosemont (de St-Vallier / Rosemont),45.5319548635849,-73.59816044569016,114.30150753768844
448,197,13982,16508,6907,6907.0,Boyer / Rosemont,45.534136,-73.595478,83.79695431472081
449,199,8669,10135,6908,6908.0,de Bellechasse / de St-Vallier,45.53341043363302,-73.60112428665161,50.92964824120603
450,169,13959,16127,6910,6910.0,Boyer / Beaubien,45.537041,-73.602026,95.42603550295858
451,199,21752,24409,6912,6912.0,Métro Beaubien (de Chateaubriand / Beaubien),45.5353599615622,-73.60363483428955,122.65829145728644
452,199,7807,9167,6913,6913.0,Drolet / Beaubien,45.533348,-73.605834,46.06532663316583
453,199,12736,14972,6915,6915.0,Alma / Beaubien,45.53243586450861,-73.60665500164032,75.23618090452261
454,198,4895,5769,6916,6916.0,Parc du Pélican (2e avenue / St-Joseph),45.544513,-73.571564,29.136363636363637
455,199,2534,2861,6917,6917.0,Basile-Routhier / Chabanel,45.54986843142164,-73.64765658974648,14.376884422110553
456,199,4468,5105,6918,6918.0,Garnier / des Carrières,45.53755266430292,-73.58993947505951,25.65326633165829
457,199,4138,4759,6919,6919.0,Bibliothèque de Rosemont (9e avenue / Rosemont),45.55201648333515,-73.58185529708862,23.91457286432161
458,199,9653,11261,6921,6921.0,Augustin-Cantin / Shearer,45.48401829,-73.5634366,56.58793969849246
459,199,6545,7240,6923,6923.0,Marquette / Jean-Talon,45.54740777921938,-73.60766887664795,36.381909547738694
460,198,3443,3914,6924,6924.0,de Bordeaux / Jean-Talon,45.54975479298636,-73.60556602478027,19.767676767676768
461,199,5593,6333,6925,6925.0,des Écores / Jean-Talon,45.55236372328009,-73.60286772251129,31.824120603015075
462,199,9175,10610,6926,6926.0,Marie-Anne / St-Hubert,45.5246829812827,-73.5788968205452,53.31658291457286
463,199,8873,11148,6927,6927.0,Édouard-Montpetit / de Stirling,45.50723,-73.615085,56.02010050251256
464,198,5885,6896,6928,6928.0,Jean-Brillant / McKenna,45.49876714523858,-73.61886978149414,34.82828282828283
465,199,5425,6135,6929,6929.0,St-André / St-Grégoire,45.53147464147482,-73.59242051839828,30.829145728643216
466,198,2978,3526,6930,6930.0,Cité des Arts du Cirque (Paul Boutet / des Regrattiers),45.55984236120471,-73.61544728279114,17.80808080808081
467,199,4669,5791,7001,7001.0,Ball / Querbes,45.531177514650885,-73.6321359872818,29.100502512562816
468,196,1824,2199,7002,7002.0,Meunier / Fleury,45.54485857398681,-73.66681426763535,11.21938775510204
469,191,13634,17170,7003,7003.0,Métro Guy-Concordia (Guy / St-Catherine),45.49498148219463,-73.57773274183273,89.89528795811518
470,199,2598,2965,7004,7004.0,Émile-Journault / de Chateaubriand,45.54983321292286,-73.64063255488873,14.899497487437186
471,196,1079,1297,7005,7005.0,Marquette / Fleury,45.56735205736566,-73.65378744900227,6.61734693877551
472,197,2388,2756,7006,7006.0,Clark / Fleury,45.54764847825576,-73.6655656993389,13.98984771573604
473,187,1169,1779,7007,7007.0,Kirkfield / de Chambois,45.51293324107222,-73.63389015197754,9.51336898395722
474,199,3449,3924,7008,7008.0,Rousselot / Jarry,45.55076907833167,-73.62091094255447,19.718592964824122
475,199,9094,11617,7009,7009.0,Place Émilie-Gamelin (de Maisonneuve / Berri),45.51569016499682,-73.56096625328064,58.37688442211055
476,194,2214,2807,7010,7010.0,Coolbrook / Queen-Mary,45.48285235405571,-73.63034427165985,14.469072164948454
477,199,10315,12209,7011,7011.0,Panet / de Maisonneuve,45.52057363501344,-73.55614364147186,61.35175879396985
478,199,5117,6424,7012,7012.0,St-Hubert / René-Lévesque,45.51433537033962,-73.55646349489689,32.28140703517588
479,198,3321,3936,7013,7013.0,Benny / Sherbrooke,45.4648769981855,-73.62659722566605,19.87878787878788
480,199,9060,11443,7014,7014.0,Métro Université de Montréal (Édouard-Montpetit / Louis-Collin),45.50427796704115,-73.61797660589218,57.50251256281407
481,195,2324,4480,7015,7015.0,Parc des Rapides (LaSalle / 6e avenue),45.42947143740888,-73.59309915918857,22.974358974358974
482,199,1676,1970,7016,7016.0,Métro Langelier (Langelier / Sherbrooke),45.58284663189181,-73.54247644543648,9.899497487437186
483,198,4114,4870,7017,7017.0,Bennett / Ste-Catherine,45.55305326642512,-73.53242754936218,24.595959595959595
484,199,4105,4952,7018,7018.0,Valois / Ste-Catherine,45.54522973039872,-73.53725016117096,24.884422110552762
485,198,13005,14083,7019,7019.0,Casgrain / St-Viateur,45.52751292628879,-73.59879076480864,71.12626262626263
486,198,3554,4002,7020,7020.0,St-Germain / Hochelaga,45.5436987529516,-73.55367332696915,20.21212121212121
487,199,6153,7096,7021,7021.0,Dollard / Van Horne,45.51915286772737,-73.61646920442581,35.65829145728643
488,199,5450,6707,7022,7022.0,Durocher / Bernard,45.52222528598142,-73.60668718814848,33.7035175879397
489,189,733,861,7023,7023.0,CHSLD St-Michel (Jarry / 8e avenue),45.56169026904608,-73.61051201820374,4.555555555555555
490,199,6963,8154,7024,7024.0,Berri / St-Joseph,45.52723106564012,-73.58672618865965,40.97487437185929
491,198,6477,7831,7025,7025.0,St-Dominique / Bernard,45.52793332015246,-73.60122251338906,39.55050505050505
492,179,8573,9360,7026,7026.0,Maguire / Henri-Julien,45.527041096087785,-73.59347056655677,52.29050279329609
493,199,6814,7637,7027,7027.0,Terrasse Guindon / Fullum,45.537114135456825,-73.56913894414902,38.37688442211055
494,199,13291,14443,7028,7028.0,de Gaspé / St-Viateur,45.52774827884841,-73.59743893146515,72.57788944723617
495,198,7317,8170,7029,7029.0,Cartier / Masson,45.5380207402854,-73.58352363109587,41.26262626262626
496,199,7888,8971,7030,7030.0,de Bordeaux / Marie-Anne,45.53340912723174,-73.57065707445145,45.08040201005025
497,194,7062,8720,7031,7031.0,Berri / Rachel,45.52271891082773,-73.5772043466568,44.94845360824742
498,199,16053,18246,7032,7032.0,Drolet / Laurier,45.52625187609252,-73.58975838928018,91.68844221105527
499,199,10472,12375,7033,7033.0,Aylmer / Prince-Arthur,45.50856686947439,-73.57769787311554,62.185929648241206
500,199,3253,6032,7034,7034.0,Atwater / Greene,45.48049514330605,-73.57782661914825,30.311557788944725
501,199,6473,7298,7035,7035.0,Fullum / Gilford,45.53922374455291,-73.57383679656778,36.67336683417086
502,198,7029,8653,7036,7036.0,Labadie / du Parc,45.5198946757576,-73.59682738780975,43.7020202020202
503,199,7695,8773,7037,7037.0,Prince-Arthur / Ste-Famille,45.5116382139746,-73.57463479042053,44.085427135678394
504,199,9552,11820,7038,7038.0,Guilbault / Clark,45.514107949601446,-73.57523024082184,59.39698492462311
505,197,4424,5074,7039,7039.0,du Mont-Royal / Augustin-Frigon,45.543763151117474,-73.56772005558014,25.756345177664976
506,199,9100,10839,7040,7040.0,St-Urbain / Beaubien,45.52951033828327,-73.61067965626717,54.46733668341709
507,199,15487,18686,7041,7041.0,de Maisonneuve / Peel,45.50095054783712,-73.57457846403122,93.89949748743719
508,199,5868,6542,7042,7042.0,Alexandra / Jean-Talon,45.53233064590805,-73.62018674612045,32.87437185929648
509,197,3679,4126,7043,7043.0,Ernest-Gendreau / du Mont-Royal,45.549713734001415,-73.56384828686714,20.944162436548222
510,177,1408,1657,7044,7044.0,Hôpital Santa Cabrini (St-Zotique / Jeanne-Jugan),45.5793249650848,-73.5705041885376,9.361581920903955
511,199,8408,11469,7045,7045.0,Casgrain / Mozart,45.53472725603326,-73.6147928237915,57.63316582914573
512,199,14391,16557,7046,7046.0,de Maisonneuve / Mansfield (nord),45.50238607958335,-73.57333794236183,83.20100502512562
513,199,17799,21808,7047,7047.0,Ottawa / Peel,45.49390894768301,-73.55950713157654,109.58793969849246
514,198,2467,3740,7048,7048.0,Métro Angrignon (Lamont /  des Trinitaires),45.44704365278581,-73.6021783483011,18.88888888888889
515,156,1739,2126,7049,7049.0,William / Guy,45.48986545713166,-73.56473073363304,13.628205128205128
516,190,4360,5365,7050,7050.0,Ottawa / William,45.48972725318433,-73.56406286358833,28.236842105263158
517,199,1772,2124,7051,7051.0,Jogues / Allard,45.450020323797766,-73.60030621290207,10.673366834170855
518,199,6669,7535,7052,7052.0,Shearer / Centre,45.483005619293046,-73.56218665838242,37.8643216080402
519,199,5632,7463,7053,7053.0,Ropery / Augustin-Cantin,45.48091406771754,-73.56846034526825,37.50251256281407
520,199,6306,9616,7054,7054.0,de la Côte St-Paul / St-Ambroise,45.46766565386597,-73.59391784324544,48.321608040201006
521,199,2903,3728,7055,7055.0,Rose-de-Lima / Notre-Dame,45.47995026556018,-73.5805356502533,18.733668341708544
522,198,2240,2633,7056,7056.0,Bibliothèque de Verdun (Brown / Bannantyne),45.44826204820947,-73.57785612344742,13.297979797979798
523,198,5306,6422,7057,7057.0,2e avenue / Wellington,45.45789352611307,-73.56752824096475,32.43434343434343
524,199,5011,6161,7058,7058.0,Gordon / Wellington,45.46107799010839,-73.56730699539183,30.959798994974875
525,198,4073,4742,7059,7059.0,Argyle / de Verdun,45.45301583620112,-73.57191503047943,23.949494949494948
526,199,4471,5202,7060,7060.0,de l'Église / de Verdun,45.46300108733155,-73.57156895217486,26.14070351758794
527,198,4199,4760,7061,7061.0,Lajeunesse / de Castelnau,45.54039620809999,-73.61681789159775,24.04040404040404
528,198,6668,7673,7062,7062.0,William / Robert-Bourassa,45.49716534003792,-73.55933010578154,38.75252525252525
529,196,3495,4073,7063,7063.0,Drolet / Jarry,45.54195463236575,-73.62994194030762,20.78061224489796
530,198,3500,3838,7064,7064.0,Clark / de Liège,45.539983846015616,-73.6381347477436,19.383838383838384
531,199,5583,6402,7065,7065.0,de Lanaudière / Bélanger,45.54365085053057,-73.60565051436424,32.17085427135678
532,199,8155,11696,7066,7066.0,St-Urbain / de la Gauchetière,45.50707812811467,-73.56139540672302,58.77386934673367
533,183,7273,8787,7067,7067.0,City Councillors / du President-Kennedy,45.50625103256782,-73.57139065861702,48.01639344262295
534,199,9931,13405,7068,7068.0,Basin / Richmond,45.48753098712153,-73.56507003307343,67.36180904522612
535,198,9900,13688,7069,7069.0,Jeanne-Mance / René-Lévesque,45.5063713381299,-73.5642009973526,69.13131313131314
536,199,5825,6735,7070,7070.0,Bourgeoys / Favard,45.47993042065731,-73.55592101812363,33.84422110552764
537,199,7718,9362,7071,7071.0,St-Mathieu / Sherbrooke,45.49578910481176,-73.58259558677672,47.04522613065327
538,199,5831,7011,7072,7072.0,Beaudry / Sherbrooke,45.52303493310712,-73.56539458036421,35.231155778894475
539,199,7825,9305,7073,7073.0,Logan / de Champlain,45.5231943285584,-73.55584256350994,46.75879396984924
540,199,5281,6014,7074,7074.0,St-André / Robin,45.5181280865132,-73.56185138225555,30.22110552763819
541,188,1136,1307,7075,7075.0,CIUSSS (du Trianon / Pierre-de-Coubertin),45.58753125134183,-73.5319072008133,6.952127659574468
542,199,10099,11509,7076,7076.0,Tupper / du Fort,45.49122961531575,-73.58078241348267,57.834170854271356
543,196,5102,7160,7077,7077.0,Jean Langlois / Fullum,45.526499983000186,-73.54575277422555,36.53061224489796
544,199,3906,4476,7078,7078.0,Hochelaga / Chapleau,45.53445294687473,-73.55965197086334,22.492462311557787
545,188,4955,5781,7079,7079.0,Notre-Dame / Gauvin,45.50010529681542,-73.56019914150238,30.75
546,166,9654,11177,7080,7080.0,du President-Kennedy / Union,45.50501114975704,-73.57202768325806,67.33132530120481
547,166,7981,10238,7081,7081.0,St-Denis / de Maisonneuve,45.514384629068346,-73.56173202395439,61.674698795180724
548,199,10119,12296,7082,7082.0,Métro Lionel-Groulx (Atwater / Lionel-Groulx),45.4829412691004,-73.57974171638489,61.78894472361809
549,186,8141,9646,7083,7083.0,Parc de Bullion (de Bullion / Prince-Arthur),45.515604257816335,-73.57213497161865,51.86021505376344
550,172,9194,11843,7084,7084.0,McTavish / Sherbrooke,45.502812816508936,-73.57602417469025,68.8546511627907
551,32,24,51,7085,7085.0,de la Grande-Allée / Ste-Catherine,45.63137963655471,-73.50685738027096,1.59375
552,76,101,189,7086,7086.0,Parc de l'Hôtel-de-Ville (Dubé / Laurendeau),45.63065034476232,-73.49499464035034,2.486842105263158
553,122,178,268,7087,7087.0,St-Jean-Baptiste / René-Lévesque,45.64155705644063,-73.50037515163422,2.19672131147541
554,78,86,165,7088,7088.0,du Tricentenaire / de Montigny,45.65140583915357,-73.50041270256041,2.1153846153846154
555,41,28,88,7089,7089.0,du Tricentenaire / Prince-Albert,45.64954588445726,-73.49191546440125,2.1463414634146343
556,196,1687,2033,7090,7090.0,de St-Firmin / Fleury,45.57065664170425,-73.65184217691422,10.372448979591837
557,191,876,1179,7091,7091.0,Fleury / André-Jobin,45.57600034155425,-73.64676475524902,6.172774869109948
558,172,799,1010,7092,7092.0,Gare Bois-de-Boulogne,45.53972553109637,-73.67716491222382,5.872093023255814
559,170,346,622,7093,7093.0,Laforest / Dudemaine,45.539806548176045,-73.6872661113739,3.6588235294117646
560,147,208,488,7094,7094.0,Alfred Laliberté / de Poutrincourt,45.53308032414161,-73.6945965886116,3.3197278911564627
561,192,1847,2214,7095,7095.0,Chabanel / de l'Esplanade,45.54068551727877,-73.65337640047073,11.53125
562,198,3180,3986,7096,7096.0,Chabanel / du Parc,45.53830765459552,-73.6548838019371,20.13131313131313
563,189,1058,1293,7097,7097.0,Bélanger / des Galeries d'Anjou,45.59722114932571,-73.56279015541077,6.841269841269841
564,173,438,530,7098,7098.0,Parc d'Antioche,45.59535188887634,-73.55858981609344,3.0635838150289016
565,191,788,1089,7099,7099.0,Vezina / Victoria,45.49704689488635,-73.64321619272232,5.701570680628272
566,177,589,861,7100,7100.0,Métro Namur (des Jockeys / Décarie),45.49404432109336,-73.65449488162994,4.864406779661017
567,181,936,1117,7101,7101.0,Métro de la Savane (de Sorel / Bougainville),45.50045094800223,-73.66142839193344,6.171270718232044
568,197,2259,2805,7102,7102.0,Grand Boulevard / de Terrebonne,45.47054370043364,-73.63168001174927,14.238578680203046
569,181,1577,3611,7103,7103.0,St-Joseph / 8e avenue Lachine,45.43147138678842,-73.67120504379272,19.950276243093924
570,156,354,590,7104,7104.0,8e avenue / Notre-Dame Lachine,45.43498715540587,-73.67079868912697,3.782051282051282
571,179,750,1878,7105,7105.0,St-Joseph / 34e avenue Lachine,45.432839840726125,-73.69349151849747,10.491620111731844
572,153,329,638,7106,7106.0,Victoria / 18e avenue Lachine,45.43579350588776,-73.6801904439926,4.169934640522876
573,177,512,966,7107,7107.0,19e avenue / St-Joseph Lachine,45.43312379149661,-73.68140548467636,5.4576271186440675
574,193,1257,2647,7108,7108.0,Gagne / LaSalle,45.422451407155854,-73.601194024086,13.715025906735752
575,193,1334,1897,7109,7109.0,Cégep André-Laurendeau,45.43566446235294,-73.60565185546875,9.82901554404145
576,179,851,1907,7110,7110.0,LaSalle / 67e avenue,45.415348837097696,-73.62651407718658,10.653631284916202
577,184,598,964,7111,7111.0,Highlands / LaSalle,45.42612352042827,-73.65741580724716,5.239130434782608
578,195,1328,2024,7112,7112.0,Newman / Senkus,45.44404309237571,-73.61375212669373,10.37948717948718
579,199,8061,9061,7113,7113.0,Casgrain / Maguire,45.52593260934618,-73.59525293111801,45.53266331658291
580,193,10893,15266,7114,7114.0,Smith / Peel,45.492837758845226,-73.5564199090004,79.09844559585493
581,164,1690,1946,7115,7115.0,Métro Radisson (Sherbrooke / des Groseilliers),45.58917500418707,-73.53965610265732,11.865853658536585
582,176,1390,1780,7116,7116.0,Métro Honoré-Beaugrand (Sherbrooke / Honoré-Beaugrand),45.5967964774917,-73.53517949581145,10.113636363636363
583,171,419,647,7117,7117.0,François-Boivin / Bélanger,45.59259615276133,-73.56617510318756,3.783625730994152
584,150,331,385,7118,7118.0,Tellier / des Futailles,45.58600999065885,-73.52183818817139,2.566666666666667
585,189,1103,1705,7119,7119.0,Notre-Dame / Liébert,45.59280261038491,-73.51046562194824,9.02116402116402
586,163,576,835,7120,7120.0,Notre-Dame / des Ormeaux,45.59920617334637,-73.5122399032116,5.122699386503068
587,174,645,830,7121,7121.0,de Bruxelles / Hochelaga,45.59264808020603,-73.52521777153015,4.7701149425287355
588,192,714,888,7122,7122.0,de Belleville / Fleury,45.58116002977833,-73.64124342799187,4.625
589,178,392,555,7123,7123.0,des Récollets / Martial,45.59089190991344,-73.64061713218689,3.1179775280898876
590,198,2745,3296,7124,7124.0,Dollard / Bernard,45.51678269880724,-73.61142262816429,16.646464646464647
591,196,3003,4659,7125,7125.0,Rosemont / Viau,45.56833021674857,-73.56666326522826,23.770408163265305
592,196,1048,1289,7126,7126.0,41e avenue / Rosemont,45.57178977666956,-73.56431499123573,6.576530612244898
593,199,4429,5127,7127,7127.0,Jeanne-Mance / Beaubien,45.527650097960205,-73.61229971051216,25.763819095477388
594,197,1887,2420,7128,7128.0,Métro Côte-Vertu (Gohier / Edouard-Laurin),45.512989627641865,-73.68249848484993,12.284263959390863
595,193,1242,1580,7129,7129.0,de l'Eglise / St-Germain,45.51255920872999,-73.67701068520546,8.186528497409327
596,194,1579,1846,7130,7130.0,Métro du Collège (Cartier / Décarie),45.50843904979172,-73.6729645729065,9.515463917525773
597,185,553,891,7131,7131.0,Bibliothèque du Boisé (Thimens / Todd),45.50463493033909,-73.70443224906921,4.816216216216216
598,174,429,641,7132,7132.0,Ste-Croix / Tassé,45.519492499678165,-73.6851042509079,3.6839080459770117
599,188,560,1087,7133,7133.0,Thimens / Alexis-Nihon,45.50897852206792,-73.69856357574463,5.781914893617022
600,191,544,858,7134,7134.0,Poirier / O'Brien,45.52246015438048,-73.69156435132027,4.492146596858639
601,181,389,719,7135,7135.0,Cavendish / Poirier,45.50622283591452,-73.71148109436035,3.972375690607735
602,180,891,996,7136,7136.0,Marcel-Laurin / Beaudet,45.50684315902468,-73.68175685405731,5.533333333333333
603,187,825,1137,7137,7137.0,de Lisieux / Jean-Talon,45.57934937043077,-73.58168095350266,6.080213903743315
604,182,519,773,7138,7138.0,Dumesnil / Bélanger,45.587777966914885,-73.56935352087021,4.247252747252747
605,160,2615,5967,7139,7139.0,Parc Plage,45.50282785563674,-73.52779269218445,37.29375
606,198,3320,3806,7140,7140.0,St-Jacques / des Seigneurs,45.48918571608228,-73.57190027832984,19.22222222222222
607,199,4263,5417,7141,7141.0,Turgeon / Notre-Dame,45.47888852807208,-73.58198940753937,27.22110552763819
608,178,1192,1627,7142,7142.0,Elgar / de l'Île-des-Sœurs,45.45682318753668,-73.546804189682,9.140449438202246
609,189,2891,3939,7143,7143.0,LaSalle / Godin,45.44693448484644,-73.57219934463501,20.841269841269842
610,199,6040,7384,7144,7144.0,Hickson / Wellington,45.46489251773306,-73.56699787080288,37.10552763819096
611,186,2242,2546,7145,7145.0,Argyle / Bannantyne,45.453318765468914,-73.5767751932144,13.688172043010752
612,164,2042,2373,7146,7146.0,Lusignan / St-Jacques,45.492222393331566,-73.56934815645218,14.46951219512195
613,198,5386,6330,7147,7147.0,Métro de Castelnau (de Castelnau / Clark),45.53473935096963,-73.62076878547667,31.96969696969697
614,189,1091,1596,7148,7148.0,Papineau / Émile-Journault,45.55988367688166,-73.63356828689575,8.444444444444445
615,198,1952,2349,7149,7149.0,16e avenue / Jean-Talon,45.56244008398078,-73.59533339738846,11.863636363636363
616,16,9,28,7150,7150.0,du Souvenir / Chomedey,45.55188644388879,-73.74444007873535,1.75
617,19,26,38,7151,7151.0,Métro Montmorency (de l'Avenir / Jacques-Tétreault),45.558108953383545,-73.71959745883942,2.0
618,16,11,39,7152,7152.0,Parc St-Claude (7e avenue / 8e rue),45.56266824826759,-73.6923623085022,2.4375
619,23,44,66,7153,7153.0,Métro Cartier (des Laurentides / Cartier),45.56002974868339,-73.68133574724197,2.869565217391304
620,193,14712,17198,10002,10002.0,Métro Charlevoix (Centre / Charlevoix),45.47822787309145,-73.56965124607086,89.10880829015544
